[2021-04-11 15:36:24] [INFO   ] ConsumerPerRecordAnalysis;1001;124612; 
[2021-04-11 15:36:25] [INFO   ] ConsumerPerRecordAnalysis;1002;69239; 
[2021-04-11 15:36:25] [INFO   ] ConsumerPerRecordAnalysis;1003;5253; 
[2021-04-11 15:36:25] [INFO   ] ConsumerPerRecordAnalysis;1004;6169; 
[2021-04-11 15:36:25] [INFO   ] ConsumerPerRecordAnalysis;1005;3408; 
[2021-04-11 15:36:25] [INFO   ] ConsumerPerRecordAnalysis;1006;4509; 
[2021-04-11 15:36:25] [INFO   ] ConsumerPerRecordAnalysis;1007;8465; 
[2021-04-11 15:36:25] [INFO   ] ConsumerPerRecordAnalysis;1008;5549; 
[2021-04-11 15:36:25] [INFO   ] ConsumerPerRecordAnalysis;1009;7102; 
[2021-04-11 15:36:25] [INFO   ] ConsumerPerRecordAnalysis;1010;3097; 
[2021-04-11 15:36:25] [INFO   ] ConsumerPerRecordAnalysis;1011;9311; 
[2021-04-11 15:36:25] [INFO   ] ConsumerPerRecordAnalysis;1012;8254; 
[2021-04-11 15:36:25] [INFO   ] ConsumerPerRecordAnalysis;1013;6564; 
[2021-04-11 15:36:25] [INFO   ] ConsumerPerRecordAnalysis;1014;6194; 
[2021-04-11 15:36:25] [INFO   ] ConsumerPerRecordAnalysis;1015;7519; 
[2021-04-11 15:36:25] [INFO   ] ConsumerPerRecordAnalysis;1016;7766; 
[2021-04-11 15:36:25] [INFO   ] ConsumerPerRecordAnalysis;1017;8774; 
[2021-04-11 15:36:25] [INFO   ] ConsumerPerRecordAnalysis;1018;4898; 
[2021-04-11 15:36:25] [INFO   ] ConsumerPerRecordAnalysis;1019;6659; 
[2021-04-11 15:36:25] [INFO   ] ConsumerPerRecordAnalysis;1020;19370; 
[2021-04-11 15:36:25] [INFO   ] ConsumerPerRecordAnalysis;1021;9622; 
[2021-04-11 15:36:25] [INFO   ] ConsumerPerRecordAnalysis;1022;4661; 
[2021-04-11 15:36:25] [INFO   ] ConsumerPerRecordAnalysis;1023;4765; 
[2021-04-11 15:36:25] [INFO   ] ConsumerPerRecordAnalysis;1024;7033; 
[2021-04-11 15:36:25] [INFO   ] ConsumerPerRecordAnalysis;1025;6798; 
[2021-04-11 15:36:25] [INFO   ] ConsumerPerRecordAnalysis;1026;4292; 
[2021-04-11 15:36:25] [INFO   ] ConsumerPerRecordAnalysis;1027;12105; 
[2021-04-11 15:36:25] [INFO   ] ConsumerPerRecordAnalysis;1028;6325; 
[2021-04-11 15:36:25] [INFO   ] ConsumerPerRecordAnalysis;1029;5338; 
[2021-04-11 15:36:25] [INFO   ] ConsumerPerRecordAnalysis;1030;4771; 
[2021-04-11 15:36:25] [INFO   ] ConsumerPerRecordAnalysis;1031;4805; 
[2021-04-11 15:36:25] [INFO   ] ConsumerPerRecordAnalysis;1032;3757; 
[2021-04-11 15:36:25] [INFO   ] ConsumerPerRecordAnalysis;1033;5001; 
[2021-04-11 15:36:25] [INFO   ] ConsumerPerRecordAnalysis;1034;6223; 
[2021-04-11 15:36:25] [INFO   ] ConsumerPerRecordAnalysis;1035;3788; 
[2021-04-11 15:36:25] [INFO   ] ConsumerPerRecordAnalysis;1036;5314; 
[2021-04-11 15:36:25] [INFO   ] ConsumerPerRecordAnalysis;1037;4786; 
[2021-04-11 15:36:25] [INFO   ] ConsumerPerRecordAnalysis;1038;7473; 
[2021-04-11 15:36:25] [INFO   ] ConsumerPerRecordAnalysis;1039;6775; 
[2021-04-11 15:36:25] [INFO   ] ConsumerPerRecordAnalysis;1040;4642; 
[2021-04-11 15:36:25] [INFO   ] ConsumerPerRecordAnalysis;1041;4700; 
[2021-04-11 15:36:25] [INFO   ] ConsumerPerRecordAnalysis;1042;6438; 
[2021-04-11 15:36:25] [INFO   ] ConsumerPerRecordAnalysis;1043;4205; 
[2021-04-11 15:36:25] [INFO   ] ConsumerPerRecordAnalysis;1044;32062; 
[2021-04-11 15:36:25] [INFO   ] ConsumerPerRecordAnalysis;1045;3643; 
[2021-04-11 15:36:25] [INFO   ] ConsumerPerRecordAnalysis;1046;3639; 
[2021-04-11 15:36:25] [INFO   ] ConsumerPerRecordAnalysis;1047;4404; 
[2021-04-11 15:36:25] [INFO   ] ConsumerPerRecordAnalysis;1048;28164; 
[2021-04-11 15:36:25] [INFO   ] ConsumerPerRecordAnalysis;1049;3607; 
[2021-04-11 15:36:25] [INFO   ] ConsumerPerRecordAnalysis;1050;3372; 
[2021-04-11 15:36:25] [INFO   ] ConsumerPerRecordAnalysis;1051;10409; 
[2021-04-11 15:36:25] [INFO   ] ConsumerPerRecordAnalysis;1052;4852; 
[2021-04-11 15:36:25] [INFO   ] ConsumerPerRecordAnalysis;1053;4074; 
[2021-04-11 15:36:25] [INFO   ] ConsumerPerRecordAnalysis;1054;3350; 
[2021-04-11 15:36:25] [INFO   ] ConsumerPerRecordAnalysis;1055;3733; 
[2021-04-11 15:36:25] [INFO   ] ConsumerPerRecordAnalysis;1056;24525; 
[2021-04-11 15:36:25] [INFO   ] ConsumerPerRecordAnalysis;1057;3637; 
[2021-04-11 15:36:26] [INFO   ] ConsumerPerRecordAnalysis;1058;12102; 
[2021-04-11 15:36:26] [INFO   ] ConsumerPerRecordAnalysis;1059;5432; 
[2021-04-11 15:36:26] [INFO   ] ConsumerPerRecordAnalysis;1060;10600; 
[2021-04-11 15:36:26] [INFO   ] ConsumerPerRecordAnalysis;1061;2929; 
[2021-04-11 15:36:26] [INFO   ] ConsumerPerRecordAnalysis;1062;7031; 
[2021-04-11 15:36:26] [INFO   ] ConsumerPerRecordAnalysis;1063;6217; 
[2021-04-11 15:36:26] [INFO   ] ConsumerPerRecordAnalysis;1064;8316; 
[2021-04-11 15:36:26] [INFO   ] ConsumerPerRecordAnalysis;1065;5393; 
[2021-04-11 15:36:26] [INFO   ] ConsumerPerRecordAnalysis;1066;4665; 
[2021-04-11 15:36:26] [INFO   ] ConsumerPerRecordAnalysis;1067;3470; 
[2021-04-11 15:36:26] [INFO   ] ConsumerPerRecordAnalysis;1068;6138; 
[2021-04-11 15:36:26] [INFO   ] ConsumerPerRecordAnalysis;1069;5835; 
[2021-04-11 15:36:26] [INFO   ] ConsumerPerRecordAnalysis;1070;8618; 
[2021-04-11 15:36:26] [INFO   ] ConsumerPerRecordAnalysis;1071;6540; 
[2021-04-11 15:36:26] [INFO   ] ConsumerPerRecordAnalysis;1072;7836; 
[2021-04-11 15:36:26] [INFO   ] ConsumerPerRecordAnalysis;1073;3485; 
[2021-04-11 15:36:26] [INFO   ] ConsumerPerRecordAnalysis;1074;4242; 
[2021-04-11 15:36:26] [INFO   ] ConsumerPerRecordAnalysis;1075;3605; 
[2021-04-11 15:36:26] [INFO   ] ConsumerPerRecordAnalysis;1076;4816; 
[2021-04-11 15:36:26] [INFO   ] ConsumerPerRecordAnalysis;1077;5769; 
[2021-04-11 15:36:26] [INFO   ] ConsumerPerRecordAnalysis;1078;7425; 
[2021-04-11 15:36:26] [INFO   ] ConsumerPerRecordAnalysis;1079;4065; 
[2021-04-11 15:36:26] [INFO   ] ConsumerPerRecordAnalysis;1080;7022; 
[2021-04-11 15:36:26] [INFO   ] ConsumerPerRecordAnalysis;1081;7177; 
[2021-04-11 15:36:26] [INFO   ] ConsumerPerRecordAnalysis;1082;3300; 
[2021-04-11 15:36:26] [INFO   ] ConsumerPerRecordAnalysis;1083;4796; 
[2021-04-11 15:36:26] [INFO   ] ConsumerPerRecordAnalysis;1084;7949; 
[2021-04-11 15:36:26] [INFO   ] ConsumerPerRecordAnalysis;1085;6021; 
[2021-04-11 15:36:26] [INFO   ] ConsumerPerRecordAnalysis;1086;13831; 
[2021-04-11 15:36:26] [INFO   ] ConsumerPerRecordAnalysis;1087;4986; 
[2021-04-11 15:36:26] [INFO   ] ConsumerPerRecordAnalysis;1088;8837; 
[2021-04-11 15:36:26] [INFO   ] ConsumerPerRecordAnalysis;1089;6099; 
[2021-04-11 15:36:26] [INFO   ] ConsumerPerRecordAnalysis;1090;6794; 
[2021-04-11 15:36:26] [INFO   ] ConsumerPerRecordAnalysis;1091;4290; 
[2021-04-11 15:36:26] [INFO   ] ConsumerPerRecordAnalysis;1092;5150; 
[2021-04-11 15:36:26] [INFO   ] ConsumerPerRecordAnalysis;1093;6871; 
[2021-04-11 15:36:26] [INFO   ] ConsumerPerRecordAnalysis;1094;6279; 
[2021-04-11 15:36:26] [INFO   ] ConsumerPerRecordAnalysis;1095;9467; 
[2021-04-11 15:36:26] [INFO   ] ConsumerPerRecordAnalysis;1096;3440; 
[2021-04-11 15:36:26] [INFO   ] ConsumerPerRecordAnalysis;1097;3551; 
[2021-04-11 15:36:26] [INFO   ] ConsumerPerRecordAnalysis;1098;5553; 
[2021-04-11 15:36:26] [INFO   ] ConsumerPerRecordAnalysis;1099;6229; 
[2021-04-11 15:36:26] [INFO   ] ConsumerPerRecordAnalysis;1100;10574; 
[2021-04-11 15:36:26] [INFO   ] ConsumerPerRecordAnalysis;1101;5334; 
[2021-04-11 15:36:26] [INFO   ] ConsumerPerRecordAnalysis;1102;5946; 
[2021-04-11 15:36:26] [INFO   ] ConsumerPerRecordAnalysis;1103;7236; 
[2021-04-11 15:36:26] [INFO   ] ConsumerPerRecordAnalysis;1104;7139; 
[2021-04-11 15:36:26] [INFO   ] ConsumerPerRecordAnalysis;1105;86552; 
[2021-04-11 15:36:26] [INFO   ] ConsumerPerRecordAnalysis;1106;6358; 
[2021-04-11 15:36:26] [INFO   ] ConsumerPerRecordAnalysis;1107;6410; 
[2021-04-11 15:36:26] [INFO   ] ConsumerPerRecordAnalysis;1108;7671; 
[2021-04-11 15:36:26] [INFO   ] ConsumerPerRecordAnalysis;1109;4022; 
[2021-04-11 15:36:26] [INFO   ] ConsumerPerRecordAnalysis;1110;11211; 
[2021-04-11 15:36:26] [INFO   ] ConsumerPerRecordAnalysis;1111;7500; 
[2021-04-11 15:36:26] [INFO   ] ConsumerPerRecordAnalysis;1112;4421; 
[2021-04-11 15:36:26] [INFO   ] ConsumerPerRecordAnalysis;1113;7839; 
[2021-04-11 15:36:26] [INFO   ] ConsumerPerRecordAnalysis;1114;5309; 
[2021-04-11 15:36:26] [INFO   ] ConsumerPerRecordAnalysis;1115;5028; 
[2021-04-11 15:36:26] [INFO   ] ConsumerPerRecordAnalysis;1116;4194; 
[2021-04-11 15:36:27] [INFO   ] ConsumerPerRecordAnalysis;1117;6618; 
[2021-04-11 15:36:27] [INFO   ] ConsumerPerRecordAnalysis;1118;3772; 
[2021-04-11 15:36:27] [INFO   ] ConsumerPerRecordAnalysis;1119;3975; 
[2021-04-11 15:36:27] [INFO   ] ConsumerPerRecordAnalysis;1120;4037; 
[2021-04-11 15:36:27] [INFO   ] ConsumerPerRecordAnalysis;1121;3472; 
[2021-04-11 15:36:27] [INFO   ] ConsumerPerRecordAnalysis;1122;4699; 
[2021-04-11 15:36:27] [INFO   ] ConsumerPerRecordAnalysis;1123;4708; 
[2021-04-11 15:36:27] [INFO   ] ConsumerPerRecordAnalysis;1124;7860; 
[2021-04-11 15:36:27] [INFO   ] ConsumerPerRecordAnalysis;1125;8853; 
[2021-04-11 15:36:27] [INFO   ] ConsumerPerRecordAnalysis;1126;6919; 
[2021-04-11 15:36:27] [INFO   ] ConsumerPerRecordAnalysis;1127;6795; 
[2021-04-11 15:36:27] [INFO   ] ConsumerPerRecordAnalysis;1128;4585; 
[2021-04-11 15:36:27] [INFO   ] ConsumerPerRecordAnalysis;1129;9099; 
[2021-04-11 15:36:27] [INFO   ] ConsumerPerRecordAnalysis;1130;6594; 
[2021-04-11 15:36:27] [INFO   ] ConsumerPerRecordAnalysis;1131;6194; 
[2021-04-11 15:36:27] [INFO   ] ConsumerPerRecordAnalysis;1132;5626; 
[2021-04-11 15:36:27] [INFO   ] ConsumerPerRecordAnalysis;1133;14524; 
[2021-04-11 15:36:27] [INFO   ] ConsumerPerRecordAnalysis;1134;4180; 
[2021-04-11 15:36:27] [INFO   ] ConsumerPerRecordAnalysis;1135;4738; 
[2021-04-11 15:36:27] [INFO   ] ConsumerPerRecordAnalysis;1136;3378; 
[2021-04-11 15:36:27] [INFO   ] ConsumerPerRecordAnalysis;1137;4035; 
[2021-04-11 15:36:27] [INFO   ] ConsumerPerRecordAnalysis;1138;3573; 
[2021-04-11 15:36:27] [INFO   ] ConsumerPerRecordAnalysis;1139;3627; 
[2021-04-11 15:36:27] [INFO   ] ConsumerPerRecordAnalysis;1140;4158; 
[2021-04-11 15:36:27] [INFO   ] ConsumerPerRecordAnalysis;1141;4859; 
[2021-04-11 15:36:27] [INFO   ] ConsumerPerRecordAnalysis;1142;3560; 
[2021-04-11 15:36:27] [INFO   ] ConsumerPerRecordAnalysis;1143;5595; 
[2021-04-11 15:36:27] [INFO   ] ConsumerPerRecordAnalysis;1144;4767; 
[2021-04-11 15:36:27] [INFO   ] ConsumerPerRecordAnalysis;1145;3464; 
[2021-04-11 15:36:27] [INFO   ] ConsumerPerRecordAnalysis;1146;4379; 
[2021-04-11 15:36:27] [INFO   ] ConsumerPerRecordAnalysis;1147;3210; 
[2021-04-11 15:36:27] [INFO   ] ConsumerPerRecordAnalysis;1148;6393; 
[2021-04-11 15:36:27] [INFO   ] ConsumerPerRecordAnalysis;1149;5207; 
[2021-04-11 15:36:27] [INFO   ] ConsumerPerRecordAnalysis;1150;5868; 
[2021-04-11 15:36:27] [INFO   ] ConsumerPerRecordAnalysis;1151;9007; 
[2021-04-11 15:36:27] [INFO   ] ConsumerPerRecordAnalysis;1152;5784; 
[2021-04-11 15:36:27] [INFO   ] ConsumerPerRecordAnalysis;1153;5913; 
[2021-04-11 15:36:27] [INFO   ] ConsumerPerRecordAnalysis;1154;3943; 
[2021-04-11 15:36:27] [INFO   ] ConsumerPerRecordAnalysis;1155;4253; 
[2021-04-11 15:36:27] [INFO   ] ConsumerPerRecordAnalysis;1156;3711; 
[2021-04-11 15:36:27] [INFO   ] ConsumerPerRecordAnalysis;1157;17282; 
[2021-04-11 15:36:27] [INFO   ] ConsumerPerRecordAnalysis;1158;3947; 
[2021-04-11 15:36:27] [INFO   ] ConsumerPerRecordAnalysis;1159;3241; 
[2021-04-11 15:36:27] [INFO   ] ConsumerPerRecordAnalysis;1160;9435; 
[2021-04-11 15:36:28] [INFO   ] ConsumerPerRecordAnalysis;1161;472958; 
[2021-04-11 15:36:28] [INFO   ] ConsumerPerRecordAnalysis;1162;72383; 
[2021-04-11 15:36:28] [INFO   ] ConsumerPerRecordAnalysis;1163;3948; 
[2021-04-11 15:36:28] [INFO   ] ConsumerPerRecordAnalysis;1164;7620; 
[2021-04-11 15:36:28] [INFO   ] ConsumerPerRecordAnalysis;1165;6515; 
[2021-04-11 15:36:28] [INFO   ] ConsumerPerRecordAnalysis;1166;6832; 
[2021-04-11 15:36:28] [INFO   ] ConsumerPerRecordAnalysis;1167;12201; 
[2021-04-11 15:36:28] [INFO   ] ConsumerPerRecordAnalysis;1168;4376; 
[2021-04-11 15:36:28] [INFO   ] ConsumerPerRecordAnalysis;1169;7145; 
[2021-04-11 15:36:28] [INFO   ] ConsumerPerRecordAnalysis;1170;4646; 
[2021-04-11 15:36:28] [INFO   ] ConsumerPerRecordAnalysis;1171;7967; 
[2021-04-11 15:36:28] [INFO   ] ConsumerPerRecordAnalysis;1172;4124; 
[2021-04-11 15:36:28] [INFO   ] ConsumerPerRecordAnalysis;1173;7240; 
[2021-04-11 15:36:28] [INFO   ] ConsumerPerRecordAnalysis;1174;4919; 
[2021-04-11 15:36:28] [INFO   ] ConsumerPerRecordAnalysis;1175;5935; 
[2021-04-11 15:36:28] [INFO   ] ConsumerPerRecordAnalysis;1176;7739; 
[2021-04-11 15:36:28] [INFO   ] ConsumerPerRecordAnalysis;1177;4010; 
[2021-04-11 15:36:28] [INFO   ] ConsumerPerRecordAnalysis;1178;16277; 
[2021-04-11 15:36:28] [INFO   ] ConsumerPerRecordAnalysis;1179;6079; 
[2021-04-11 15:36:28] [INFO   ] ConsumerPerRecordAnalysis;1180;3803; 
[2021-04-11 15:36:28] [INFO   ] ConsumerPerRecordAnalysis;1181;16490; 
[2021-04-11 15:36:28] [INFO   ] ConsumerPerRecordAnalysis;1182;24660; 
[2021-04-11 15:36:28] [INFO   ] ConsumerPerRecordAnalysis;1183;6340; 
[2021-04-11 15:36:28] [INFO   ] ConsumerPerRecordAnalysis;1184;3287; 
[2021-04-11 15:36:28] [INFO   ] ConsumerPerRecordAnalysis;1185;5151; 
[2021-04-11 15:36:28] [INFO   ] ConsumerPerRecordAnalysis;1186;7537; 
[2021-04-11 15:36:28] [INFO   ] ConsumerPerRecordAnalysis;1187;5916; 
[2021-04-11 15:36:28] [INFO   ] ConsumerPerRecordAnalysis;1188;6407; 
[2021-04-11 15:36:28] [INFO   ] ConsumerPerRecordAnalysis;1189;4552; 
[2021-04-11 15:36:28] [INFO   ] ConsumerPerRecordAnalysis;1190;7377; 
[2021-04-11 15:36:28] [INFO   ] ConsumerPerRecordAnalysis;1191;7277; 
[2021-04-11 15:36:29] [INFO   ] ConsumerPerRecordAnalysis;1192;9907; 
[2021-04-11 15:36:29] [INFO   ] ConsumerPerRecordAnalysis;1193;17207; 
[2021-04-11 15:36:29] [INFO   ] ConsumerPerRecordAnalysis;1194;7296; 
[2021-04-11 15:36:29] [INFO   ] ConsumerPerRecordAnalysis;1195;3928; 
[2021-04-11 15:36:29] [INFO   ] ConsumerPerRecordAnalysis;1196;29209; 
[2021-04-11 15:36:29] [INFO   ] ConsumerPerRecordAnalysis;1197;10834; 
[2021-04-11 15:36:29] [INFO   ] ConsumerPerRecordAnalysis;1198;5460; 
[2021-04-11 15:36:29] [INFO   ] ConsumerPerRecordAnalysis;1199;5342; 
[2021-04-11 15:36:29] [INFO   ] ConsumerPerRecordAnalysis;1200;22206; 
[2021-04-11 15:36:29] [INFO   ] ConsumerPerRecordAnalysis;1201;5111; 
[2021-04-11 15:36:29] [INFO   ] ConsumerPerRecordAnalysis;1202;4755; 
[2021-04-11 15:36:29] [INFO   ] ConsumerPerRecordAnalysis;1203;5156; 
[2021-04-11 15:36:29] [INFO   ] ConsumerPerRecordAnalysis;1204;3870; 
[2021-04-11 15:36:29] [INFO   ] ConsumerPerRecordAnalysis;1205;11886; 
[2021-04-11 15:36:29] [INFO   ] ConsumerPerRecordAnalysis;1206;4497; 
[2021-04-11 15:36:29] [INFO   ] ConsumerPerRecordAnalysis;1207;6318; 
[2021-04-11 15:36:29] [INFO   ] ConsumerPerRecordAnalysis;1208;4274; 
[2021-04-11 15:36:29] [INFO   ] ConsumerPerRecordAnalysis;1209;4072; 
[2021-04-11 15:36:29] [INFO   ] ConsumerPerRecordAnalysis;1210;6961; 
[2021-04-11 15:36:29] [INFO   ] ConsumerPerRecordAnalysis;1211;3406; 
[2021-04-11 15:36:29] [INFO   ] ConsumerPerRecordAnalysis;1212;5436; 
[2021-04-11 15:36:29] [INFO   ] ConsumerPerRecordAnalysis;1213;5143; 
[2021-04-11 15:36:29] [INFO   ] ConsumerPerRecordAnalysis;1214;5116; 
[2021-04-11 15:36:29] [INFO   ] ConsumerPerRecordAnalysis;1215;4177; 
[2021-04-11 15:36:29] [INFO   ] ConsumerPerRecordAnalysis;1216;5407; 
[2021-04-11 15:36:29] [INFO   ] ConsumerPerRecordAnalysis;1217;6370; 
[2021-04-11 15:36:29] [INFO   ] ConsumerPerRecordAnalysis;1218;13403; 
[2021-04-11 15:36:29] [INFO   ] ConsumerPerRecordAnalysis;1219;21536; 
[2021-04-11 15:36:29] [INFO   ] ConsumerPerRecordAnalysis;1220;4803; 
[2021-04-11 15:36:29] [INFO   ] ConsumerPerRecordAnalysis;1221;9565; 
[2021-04-11 15:36:29] [INFO   ] ConsumerPerRecordAnalysis;1222;6383; 
[2021-04-11 15:36:29] [INFO   ] ConsumerPerRecordAnalysis;1223;3705; 
[2021-04-11 15:36:29] [INFO   ] ConsumerPerRecordAnalysis;1224;4979; 
[2021-04-11 15:36:29] [INFO   ] ConsumerPerRecordAnalysis;1225;13989; 
[2021-04-11 15:36:29] [INFO   ] ConsumerPerRecordAnalysis;1226;3741; 
[2021-04-11 15:36:29] [INFO   ] ConsumerPerRecordAnalysis;1227;7002; 
[2021-04-11 15:36:29] [INFO   ] ConsumerPerRecordAnalysis;1228;4687; 
[2021-04-11 15:36:29] [INFO   ] ConsumerPerRecordAnalysis;1229;7286; 
[2021-04-11 15:36:29] [INFO   ] ConsumerPerRecordAnalysis;1230;6067; 
[2021-04-11 15:36:29] [INFO   ] ConsumerPerRecordAnalysis;1231;4849; 
[2021-04-11 15:36:30] [INFO   ] ConsumerPerRecordAnalysis;1232;5039; 
[2021-04-11 15:36:30] [INFO   ] ConsumerPerRecordAnalysis;1233;3680; 
[2021-04-11 15:36:30] [INFO   ] ConsumerPerRecordAnalysis;1234;5057; 
[2021-04-11 15:36:30] [INFO   ] ConsumerPerRecordAnalysis;1235;11964; 
[2021-04-11 15:36:30] [INFO   ] ConsumerPerRecordAnalysis;1236;6931; 
[2021-04-11 15:36:30] [INFO   ] ConsumerPerRecordAnalysis;1237;5146; 
[2021-04-11 15:36:30] [INFO   ] ConsumerPerRecordAnalysis;1238;4283; 
[2021-04-11 15:36:30] [INFO   ] ConsumerPerRecordAnalysis;1239;3507; 
[2021-04-11 15:36:30] [INFO   ] ConsumerPerRecordAnalysis;1240;6231; 
[2021-04-11 15:36:30] [INFO   ] ConsumerPerRecordAnalysis;1241;3326; 
[2021-04-11 15:36:30] [INFO   ] ConsumerPerRecordAnalysis;1242;6854; 
[2021-04-11 15:36:30] [INFO   ] ConsumerPerRecordAnalysis;1243;4874; 
[2021-04-11 15:36:30] [INFO   ] ConsumerPerRecordAnalysis;1244;7354; 
[2021-04-11 15:36:30] [INFO   ] ConsumerPerRecordAnalysis;1245;3748; 
[2021-04-11 15:36:30] [INFO   ] ConsumerPerRecordAnalysis;1246;4838; 
[2021-04-11 15:36:30] [INFO   ] ConsumerPerRecordAnalysis;1247;7076; 
[2021-04-11 15:36:30] [INFO   ] ConsumerPerRecordAnalysis;1248;3748; 
[2021-04-11 15:36:30] [INFO   ] ConsumerPerRecordAnalysis;1249;4461; 
[2021-04-11 15:36:30] [INFO   ] ConsumerPerRecordAnalysis;1250;4349; 
[2021-04-11 15:36:30] [INFO   ] ConsumerPerRecordAnalysis;1251;5819; 
[2021-04-11 15:36:30] [INFO   ] ConsumerPerRecordAnalysis;1252;14767; 
[2021-04-11 15:36:30] [INFO   ] ConsumerPerRecordAnalysis;1253;9949; 
[2021-04-11 15:36:30] [INFO   ] ConsumerPerRecordAnalysis;1254;5029; 
[2021-04-11 15:36:30] [INFO   ] ConsumerPerRecordAnalysis;1255;4916; 
[2021-04-11 15:36:30] [INFO   ] ConsumerPerRecordAnalysis;1256;8627; 
[2021-04-11 15:36:30] [INFO   ] ConsumerPerRecordAnalysis;1257;4575; 
[2021-04-11 15:36:30] [INFO   ] ConsumerPerRecordAnalysis;1258;5470; 
[2021-04-11 15:36:30] [INFO   ] ConsumerPerRecordAnalysis;1259;6404; 
[2021-04-11 15:36:30] [INFO   ] ConsumerPerRecordAnalysis;1260;5431; 
[2021-04-11 15:36:30] [INFO   ] ConsumerPerRecordAnalysis;1261;5918; 
[2021-04-11 15:36:30] [INFO   ] ConsumerPerRecordAnalysis;1262;4105; 
[2021-04-11 15:36:30] [INFO   ] ConsumerPerRecordAnalysis;1263;10172; 
[2021-04-11 15:36:30] [INFO   ] ConsumerPerRecordAnalysis;1264;3461; 
[2021-04-11 15:36:30] [INFO   ] ConsumerPerRecordAnalysis;1265;4632; 
[2021-04-11 15:36:30] [INFO   ] ConsumerPerRecordAnalysis;1266;16094; 
[2021-04-11 15:36:30] [INFO   ] ConsumerPerRecordAnalysis;1267;3975; 
[2021-04-11 15:36:30] [INFO   ] ConsumerPerRecordAnalysis;1268;4940; 
[2021-04-11 15:36:30] [INFO   ] ConsumerPerRecordAnalysis;1269;5447; 
[2021-04-11 15:36:30] [INFO   ] ConsumerPerRecordAnalysis;1270;7540; 
[2021-04-11 15:36:30] [INFO   ] ConsumerPerRecordAnalysis;1271;6710; 
[2021-04-11 15:36:30] [INFO   ] ConsumerPerRecordAnalysis;1272;7235; 
[2021-04-11 15:36:30] [INFO   ] ConsumerPerRecordAnalysis;1273;4241; 
[2021-04-11 15:36:30] [INFO   ] ConsumerPerRecordAnalysis;1274;17305; 
[2021-04-11 15:36:30] [INFO   ] ConsumerPerRecordAnalysis;1275;3845; 
[2021-04-11 15:36:30] [INFO   ] ConsumerPerRecordAnalysis;1276;4282; 
[2021-04-11 15:36:30] [INFO   ] ConsumerPerRecordAnalysis;1277;9796; 
[2021-04-11 15:36:30] [INFO   ] ConsumerPerRecordAnalysis;1278;6585; 
[2021-04-11 15:36:30] [INFO   ] ConsumerPerRecordAnalysis;1279;4341; 
[2021-04-11 15:36:30] [INFO   ] ConsumerPerRecordAnalysis;1280;8083; 
[2021-04-11 15:36:30] [INFO   ] ConsumerPerRecordAnalysis;1281;5791; 
[2021-04-11 15:36:30] [INFO   ] ConsumerPerRecordAnalysis;1282;4138; 
[2021-04-11 15:36:30] [INFO   ] ConsumerPerRecordAnalysis;1283;4390; 
[2021-04-11 15:36:30] [INFO   ] ConsumerPerRecordAnalysis;1284;8309; 
[2021-04-11 15:36:30] [INFO   ] ConsumerPerRecordAnalysis;1285;4584; 
[2021-04-11 15:36:30] [INFO   ] ConsumerPerRecordAnalysis;1286;4032; 
[2021-04-11 15:36:30] [INFO   ] ConsumerPerRecordAnalysis;1287;5003; 
[2021-04-11 15:36:30] [INFO   ] ConsumerPerRecordAnalysis;1288;5704; 
[2021-04-11 15:36:30] [INFO   ] ConsumerPerRecordAnalysis;1289;5048; 
[2021-04-11 15:36:30] [INFO   ] ConsumerPerRecordAnalysis;1290;4283; 
[2021-04-11 15:36:31] [INFO   ] ConsumerPerRecordAnalysis;1291;6143; 
[2021-04-11 15:36:31] [INFO   ] ConsumerPerRecordAnalysis;1292;10658; 
[2021-04-11 15:36:31] [INFO   ] ConsumerPerRecordAnalysis;1293;9908; 
[2021-04-11 15:36:31] [INFO   ] ConsumerPerRecordAnalysis;1294;15169; 
[2021-04-11 15:36:31] [INFO   ] ConsumerPerRecordAnalysis;1295;10106; 
[2021-04-11 15:36:31] [INFO   ] ConsumerPerRecordAnalysis;1296;7330; 
[2021-04-11 15:36:31] [INFO   ] ConsumerPerRecordAnalysis;1297;7976; 
[2021-04-11 15:36:31] [INFO   ] ConsumerPerRecordAnalysis;1298;9332; 
[2021-04-11 15:36:31] [INFO   ] ConsumerPerRecordAnalysis;1299;4868; 
[2021-04-11 15:36:31] [INFO   ] ConsumerPerRecordAnalysis;1300;4129; 
[2021-04-11 15:36:31] [INFO   ] ConsumerPerRecordAnalysis;1301;4911; 
[2021-04-11 15:36:31] [INFO   ] ConsumerPerRecordAnalysis;1302;5828; 
[2021-04-11 15:36:31] [INFO   ] ConsumerPerRecordAnalysis;1303;3166; 
[2021-04-11 15:36:31] [INFO   ] ConsumerPerRecordAnalysis;1304;4189; 
[2021-04-11 15:36:31] [INFO   ] ConsumerPerRecordAnalysis;1305;6938; 
[2021-04-11 15:36:31] [INFO   ] ConsumerPerRecordAnalysis;1306;7321; 
[2021-04-11 15:36:31] [INFO   ] ConsumerPerRecordAnalysis;1307;16280; 
[2021-04-11 15:36:31] [INFO   ] ConsumerPerRecordAnalysis;1308;3906; 
[2021-04-11 15:36:31] [INFO   ] ConsumerPerRecordAnalysis;1309;3390; 
[2021-04-11 15:36:31] [INFO   ] ConsumerPerRecordAnalysis;1310;4407; 
[2021-04-11 15:36:31] [INFO   ] ConsumerPerRecordAnalysis;1311;3813; 
[2021-04-11 15:36:31] [INFO   ] ConsumerPerRecordAnalysis;1312;6561; 
[2021-04-11 15:36:31] [INFO   ] ConsumerPerRecordAnalysis;1313;8072; 
[2021-04-11 15:36:31] [INFO   ] ConsumerPerRecordAnalysis;1314;4724; 
[2021-04-11 15:36:31] [INFO   ] ConsumerPerRecordAnalysis;1315;11899; 
[2021-04-11 15:36:31] [INFO   ] ConsumerPerRecordAnalysis;1316;5301; 
[2021-04-11 15:36:31] [INFO   ] ConsumerPerRecordAnalysis;1317;22249; 
[2021-04-11 15:36:31] [INFO   ] ConsumerPerRecordAnalysis;1318;5004; 
[2021-04-11 15:36:31] [INFO   ] ConsumerPerRecordAnalysis;1319;64994; 
[2021-04-11 15:36:31] [INFO   ] ConsumerPerRecordAnalysis;1320;25816; 
[2021-04-11 15:36:32] [INFO   ] ConsumerPerRecordAnalysis;1321;310226; 
[2021-04-11 15:36:32] [INFO   ] ConsumerPerRecordAnalysis;1322;133226; 
[2021-04-11 15:36:32] [INFO   ] ConsumerPerRecordAnalysis;1323;146956; 
[2021-04-11 15:36:33] [INFO   ] ConsumerPerRecordAnalysis;1324;457089; 
[2021-04-11 15:36:33] [INFO   ] ConsumerPerRecordAnalysis;1325;42890; 
[2021-04-11 15:36:33] [INFO   ] ConsumerPerRecordAnalysis;1326;8836; 
[2021-04-11 15:36:33] [INFO   ] ConsumerPerRecordAnalysis;1327;4232; 
[2021-04-11 15:36:33] [INFO   ] ConsumerPerRecordAnalysis;1328;7527; 
[2021-04-11 15:36:33] [INFO   ] ConsumerPerRecordAnalysis;1329;5129; 
[2021-04-11 15:36:33] [INFO   ] ConsumerPerRecordAnalysis;1330;7314; 
[2021-04-11 15:36:33] [INFO   ] ConsumerPerRecordAnalysis;1331;5386; 
[2021-04-11 15:36:33] [INFO   ] ConsumerPerRecordAnalysis;1332;4853; 
[2021-04-11 15:36:33] [INFO   ] ConsumerPerRecordAnalysis;1333;6798; 
[2021-04-11 15:36:33] [INFO   ] ConsumerPerRecordAnalysis;1334;6279; 
[2021-04-11 15:36:33] [INFO   ] ConsumerPerRecordAnalysis;1335;4136; 
[2021-04-11 15:36:33] [INFO   ] ConsumerPerRecordAnalysis;1336;4174; 
[2021-04-11 15:36:33] [INFO   ] ConsumerPerRecordAnalysis;1337;3432; 
[2021-04-11 15:36:33] [INFO   ] ConsumerPerRecordAnalysis;1338;6609; 
[2021-04-11 15:36:33] [INFO   ] ConsumerPerRecordAnalysis;1339;4023; 
[2021-04-11 15:36:33] [INFO   ] ConsumerPerRecordAnalysis;1340;10021; 
[2021-04-11 15:36:33] [INFO   ] ConsumerPerRecordAnalysis;1341;4831; 
[2021-04-11 15:36:33] [INFO   ] ConsumerPerRecordAnalysis;1342;4670; 
[2021-04-11 15:36:33] [INFO   ] ConsumerPerRecordAnalysis;1343;11331; 
[2021-04-11 15:36:33] [INFO   ] ConsumerPerRecordAnalysis;1344;5757; 
[2021-04-11 15:36:33] [INFO   ] ConsumerPerRecordAnalysis;1345;7963; 
[2021-04-11 15:36:33] [INFO   ] ConsumerPerRecordAnalysis;1346;15045; 
[2021-04-11 15:36:33] [INFO   ] ConsumerPerRecordAnalysis;1347;4259; 
[2021-04-11 15:36:33] [INFO   ] ConsumerPerRecordAnalysis;1348;4136; 
[2021-04-11 15:36:33] [INFO   ] ConsumerPerRecordAnalysis;1349;5565; 
[2021-04-11 15:36:33] [INFO   ] ConsumerPerRecordAnalysis;1350;4582; 
[2021-04-11 15:36:33] [INFO   ] ConsumerPerRecordAnalysis;1351;16706; 
[2021-04-11 15:36:33] [INFO   ] ConsumerPerRecordAnalysis;1352;72808; 
[2021-04-11 15:36:33] [INFO   ] ConsumerPerRecordAnalysis;1353;6944; 
[2021-04-11 15:36:33] [INFO   ] ConsumerPerRecordAnalysis;1354;3504; 
[2021-04-11 15:36:33] [INFO   ] ConsumerPerRecordAnalysis;1355;28091; 
[2021-04-11 15:36:33] [INFO   ] ConsumerPerRecordAnalysis;1356;4229; 
[2021-04-11 15:36:33] [INFO   ] ConsumerPerRecordAnalysis;1357;11227; 
[2021-04-11 15:36:33] [INFO   ] ConsumerPerRecordAnalysis;1358;38045; 
[2021-04-11 15:36:33] [INFO   ] ConsumerPerRecordAnalysis;1359;32165; 
[2021-04-11 15:36:33] [INFO   ] ConsumerPerRecordAnalysis;1360;3969; 
[2021-04-11 15:36:33] [INFO   ] ConsumerPerRecordAnalysis;1361;5902; 
[2021-04-11 15:36:33] [INFO   ] ConsumerPerRecordAnalysis;1362;4431; 
[2021-04-11 15:36:33] [INFO   ] ConsumerPerRecordAnalysis;1363;3385; 
[2021-04-11 15:36:33] [INFO   ] ConsumerPerRecordAnalysis;1364;3550; 
[2021-04-11 15:36:33] [INFO   ] ConsumerPerRecordAnalysis;1365;18924; 
[2021-04-11 15:36:34] [INFO   ] ConsumerPerRecordAnalysis;1366;5475; 
[2021-04-11 15:36:34] [INFO   ] ConsumerPerRecordAnalysis;1367;5419; 
[2021-04-11 15:36:34] [INFO   ] ConsumerPerRecordAnalysis;1368;3528; 
[2021-04-11 15:36:34] [INFO   ] ConsumerPerRecordAnalysis;1369;4399; 
[2021-04-11 15:36:34] [INFO   ] ConsumerPerRecordAnalysis;1370;4715; 
[2021-04-11 15:36:34] [INFO   ] ConsumerPerRecordAnalysis;1371;4317; 
[2021-04-11 15:36:34] [INFO   ] ConsumerPerRecordAnalysis;1372;3289; 
[2021-04-11 15:36:34] [INFO   ] ConsumerPerRecordAnalysis;1373;5248; 
[2021-04-11 15:36:34] [INFO   ] ConsumerPerRecordAnalysis;1374;4133; 
[2021-04-11 15:36:34] [INFO   ] ConsumerPerRecordAnalysis;1375;5309; 
[2021-04-11 15:36:34] [INFO   ] ConsumerPerRecordAnalysis;1376;4268; 
[2021-04-11 15:36:34] [INFO   ] ConsumerPerRecordAnalysis;1377;2983; 
[2021-04-11 15:36:34] [INFO   ] ConsumerPerRecordAnalysis;1378;3856; 
[2021-04-11 15:36:34] [INFO   ] ConsumerPerRecordAnalysis;1379;4897; 
[2021-04-11 15:36:34] [INFO   ] ConsumerPerRecordAnalysis;1380;5154; 
[2021-04-11 15:36:34] [INFO   ] ConsumerPerRecordAnalysis;1381;7027; 
[2021-04-11 15:36:34] [INFO   ] ConsumerPerRecordAnalysis;1382;4412; 
[2021-04-11 15:36:34] [INFO   ] ConsumerPerRecordAnalysis;1383;4118; 
[2021-04-11 15:36:34] [INFO   ] ConsumerPerRecordAnalysis;1384;4231; 
[2021-04-11 15:36:34] [INFO   ] ConsumerPerRecordAnalysis;1385;4258; 
[2021-04-11 15:36:34] [INFO   ] ConsumerPerRecordAnalysis;1386;5391; 
[2021-04-11 15:36:34] [INFO   ] ConsumerPerRecordAnalysis;1387;4967; 
[2021-04-11 15:36:34] [INFO   ] ConsumerPerRecordAnalysis;1388;6922; 
[2021-04-11 15:36:34] [INFO   ] ConsumerPerRecordAnalysis;1389;6727; 
[2021-04-11 15:36:34] [INFO   ] ConsumerPerRecordAnalysis;1390;9956; 
[2021-04-11 15:36:34] [INFO   ] ConsumerPerRecordAnalysis;1391;9050; 
[2021-04-11 15:36:34] [INFO   ] ConsumerPerRecordAnalysis;1392;4185; 
[2021-04-11 15:36:34] [INFO   ] ConsumerPerRecordAnalysis;1393;6939; 
[2021-04-11 15:36:34] [INFO   ] ConsumerPerRecordAnalysis;1394;6438; 
[2021-04-11 15:36:34] [INFO   ] ConsumerPerRecordAnalysis;1395;3889; 
[2021-04-11 15:36:34] [INFO   ] ConsumerPerRecordAnalysis;1396;6932; 
[2021-04-11 15:36:34] [INFO   ] ConsumerPerRecordAnalysis;1397;3958; 
[2021-04-11 15:36:34] [INFO   ] ConsumerPerRecordAnalysis;1398;6542; 
[2021-04-11 15:36:34] [INFO   ] ConsumerPerRecordAnalysis;1399;3771; 
[2021-04-11 15:36:34] [INFO   ] ConsumerPerRecordAnalysis;1400;8414; 
[2021-04-11 15:36:34] [INFO   ] ConsumerPerRecordAnalysis;1401;4403; 
[2021-04-11 15:36:34] [INFO   ] ConsumerPerRecordAnalysis;1402;4127; 
[2021-04-11 15:36:34] [INFO   ] ConsumerPerRecordAnalysis;1403;4470; 
[2021-04-11 15:36:34] [INFO   ] ConsumerPerRecordAnalysis;1404;8598; 
[2021-04-11 15:36:34] [INFO   ] ConsumerPerRecordAnalysis;1405;7184; 
[2021-04-11 15:36:34] [INFO   ] ConsumerPerRecordAnalysis;1406;4516; 
[2021-04-11 15:36:34] [INFO   ] ConsumerPerRecordAnalysis;1407;4559; 
[2021-04-11 15:36:34] [INFO   ] ConsumerPerRecordAnalysis;1408;5333; 
[2021-04-11 15:36:34] [INFO   ] ConsumerPerRecordAnalysis;1409;4103; 
[2021-04-11 15:36:34] [INFO   ] ConsumerPerRecordAnalysis;1410;10703; 
[2021-04-11 15:36:34] [INFO   ] ConsumerPerRecordAnalysis;1411;8197; 
[2021-04-11 15:36:34] [INFO   ] ConsumerPerRecordAnalysis;1412;4317; 
[2021-04-11 15:36:34] [INFO   ] ConsumerPerRecordAnalysis;1413;6715; 
[2021-04-11 15:36:34] [INFO   ] ConsumerPerRecordAnalysis;1414;4960; 
[2021-04-11 15:36:34] [INFO   ] ConsumerPerRecordAnalysis;1415;4354; 
[2021-04-11 15:36:34] [INFO   ] ConsumerPerRecordAnalysis;1416;4520; 
[2021-04-11 15:36:34] [INFO   ] ConsumerPerRecordAnalysis;1417;4709; 
[2021-04-11 15:36:34] [INFO   ] ConsumerPerRecordAnalysis;1418;6830; 
[2021-04-11 15:36:34] [INFO   ] ConsumerPerRecordAnalysis;1419;4453; 
[2021-04-11 15:36:34] [INFO   ] ConsumerPerRecordAnalysis;1420;7771; 
[2021-04-11 15:36:34] [INFO   ] ConsumerPerRecordAnalysis;1421;6690; 
[2021-04-11 15:36:34] [INFO   ] ConsumerPerRecordAnalysis;1422;4373; 
[2021-04-11 15:36:34] [INFO   ] ConsumerPerRecordAnalysis;1423;8173; 
[2021-04-11 15:36:34] [INFO   ] ConsumerPerRecordAnalysis;1424;4061; 
[2021-04-11 15:36:34] [INFO   ] ConsumerPerRecordAnalysis;1425;5094; 
[2021-04-11 15:36:34] [INFO   ] ConsumerPerRecordAnalysis;1426;7300; 
[2021-04-11 15:36:34] [INFO   ] ConsumerPerRecordAnalysis;1427;13295; 
[2021-04-11 15:36:34] [INFO   ] ConsumerPerRecordAnalysis;1428;10111; 
[2021-04-11 15:36:34] [INFO   ] ConsumerPerRecordAnalysis;1429;4244; 
[2021-04-11 15:36:34] [INFO   ] ConsumerPerRecordAnalysis;1430;6842; 
[2021-04-11 15:36:34] [INFO   ] ConsumerPerRecordAnalysis;1431;4639; 
[2021-04-11 15:36:34] [INFO   ] ConsumerPerRecordAnalysis;1432;7278; 
[2021-04-11 15:36:34] [INFO   ] ConsumerPerRecordAnalysis;1433;4746; 
[2021-04-11 15:36:34] [INFO   ] ConsumerPerRecordAnalysis;1434;8311; 
[2021-04-11 15:36:34] [INFO   ] ConsumerPerRecordAnalysis;1435;7764; 
[2021-04-11 15:36:34] [INFO   ] ConsumerPerRecordAnalysis;1436;4306; 
[2021-04-11 15:36:34] [INFO   ] ConsumerPerRecordAnalysis;1437;6122; 
[2021-04-11 15:36:34] [INFO   ] ConsumerPerRecordAnalysis;1438;6143; 
[2021-04-11 15:36:34] [INFO   ] ConsumerPerRecordAnalysis;1439;4125; 
[2021-04-11 15:36:34] [INFO   ] ConsumerPerRecordAnalysis;1440;3927; 
[2021-04-11 15:36:34] [INFO   ] ConsumerPerRecordAnalysis;1441;4409; 
[2021-04-11 15:36:34] [INFO   ] ConsumerPerRecordAnalysis;1442;7469; 
[2021-04-11 15:36:34] [INFO   ] ConsumerPerRecordAnalysis;1443;8442; 
[2021-04-11 15:36:34] [INFO   ] ConsumerPerRecordAnalysis;1444;5836; 
[2021-04-11 15:36:34] [INFO   ] ConsumerPerRecordAnalysis;1445;5670; 
[2021-04-11 15:36:34] [INFO   ] ConsumerPerRecordAnalysis;1446;4334; 
[2021-04-11 15:36:34] [INFO   ] ConsumerPerRecordAnalysis;1447;7742; 
[2021-04-11 15:36:34] [INFO   ] ConsumerPerRecordAnalysis;1448;5520; 
[2021-04-11 15:36:34] [INFO   ] ConsumerPerRecordAnalysis;1449;6985; 
[2021-04-11 15:36:34] [INFO   ] ConsumerPerRecordAnalysis;1450;9833; 
[2021-04-11 15:36:34] [INFO   ] ConsumerPerRecordAnalysis;1451;4119; 
[2021-04-11 15:36:34] [INFO   ] ConsumerPerRecordAnalysis;1452;4119; 
[2021-04-11 15:36:34] [INFO   ] ConsumerPerRecordAnalysis;1453;4529; 
[2021-04-11 15:36:34] [INFO   ] ConsumerPerRecordAnalysis;1454;8834; 
[2021-04-11 15:36:34] [INFO   ] ConsumerPerRecordAnalysis;1455;3967; 
[2021-04-11 15:36:34] [INFO   ] ConsumerPerRecordAnalysis;1456;7695; 
[2021-04-11 15:36:34] [INFO   ] ConsumerPerRecordAnalysis;1457;4641; 
[2021-04-11 15:36:34] [INFO   ] ConsumerPerRecordAnalysis;1458;5424; 
[2021-04-11 15:36:34] [INFO   ] ConsumerPerRecordAnalysis;1459;3856; 
[2021-04-11 15:36:34] [INFO   ] ConsumerPerRecordAnalysis;1460;8310; 
[2021-04-11 15:36:34] [INFO   ] ConsumerPerRecordAnalysis;1461;5239; 
[2021-04-11 15:36:34] [INFO   ] ConsumerPerRecordAnalysis;1462;4157; 
[2021-04-11 15:36:34] [INFO   ] ConsumerPerRecordAnalysis;1463;4182; 
[2021-04-11 15:36:34] [INFO   ] ConsumerPerRecordAnalysis;1464;7267; 
[2021-04-11 15:36:34] [INFO   ] ConsumerPerRecordAnalysis;1465;3894; 
[2021-04-11 15:36:34] [INFO   ] ConsumerPerRecordAnalysis;1466;5041; 
[2021-04-11 15:36:34] [INFO   ] ConsumerPerRecordAnalysis;1467;7483; 
[2021-04-11 15:36:34] [INFO   ] ConsumerPerRecordAnalysis;1468;2983; 
[2021-04-11 15:36:34] [INFO   ] ConsumerPerRecordAnalysis;1469;4632; 
[2021-04-11 15:36:34] [INFO   ] ConsumerPerRecordAnalysis;1470;4680; 
[2021-04-11 15:36:34] [INFO   ] ConsumerPerRecordAnalysis;1471;6233; 
[2021-04-11 15:36:34] [INFO   ] ConsumerPerRecordAnalysis;1472;4253; 
[2021-04-11 15:36:34] [INFO   ] ConsumerPerRecordAnalysis;1473;8100; 
[2021-04-11 15:36:34] [INFO   ] ConsumerPerRecordAnalysis;1474;7537; 
[2021-04-11 15:36:34] [INFO   ] ConsumerPerRecordAnalysis;1475;3634; 
[2021-04-11 15:36:34] [INFO   ] ConsumerPerRecordAnalysis;1476;7300; 
[2021-04-11 15:36:34] [INFO   ] ConsumerPerRecordAnalysis;1477;4078; 
[2021-04-11 15:36:34] [INFO   ] ConsumerPerRecordAnalysis;1478;6661; 
[2021-04-11 15:36:35] [INFO   ] ConsumerPerRecordAnalysis;1479;7255; 
[2021-04-11 15:36:35] [INFO   ] ConsumerPerRecordAnalysis;1480;4156; 
[2021-04-11 15:36:35] [INFO   ] ConsumerPerRecordAnalysis;1481;7278; 
[2021-04-11 15:36:35] [INFO   ] ConsumerPerRecordAnalysis;1482;4710; 
[2021-04-11 15:36:35] [INFO   ] ConsumerPerRecordAnalysis;1483;5512; 
[2021-04-11 15:36:35] [INFO   ] ConsumerPerRecordAnalysis;1484;4194; 
[2021-04-11 15:36:35] [INFO   ] ConsumerPerRecordAnalysis;1485;4347; 
[2021-04-11 15:36:35] [INFO   ] ConsumerPerRecordAnalysis;1486;7853; 
[2021-04-11 15:36:35] [INFO   ] ConsumerPerRecordAnalysis;1487;4108; 
[2021-04-11 15:36:35] [INFO   ] ConsumerPerRecordAnalysis;1488;10443; 
[2021-04-11 15:36:35] [INFO   ] ConsumerPerRecordAnalysis;1489;7781; 
[2021-04-11 15:36:35] [INFO   ] ConsumerPerRecordAnalysis;1490;4701; 
[2021-04-11 15:36:35] [INFO   ] ConsumerPerRecordAnalysis;1491;4928; 
[2021-04-11 15:36:35] [INFO   ] ConsumerPerRecordAnalysis;1492;6807; 
[2021-04-11 15:36:35] [INFO   ] ConsumerPerRecordAnalysis;1493;6007; 
[2021-04-11 15:36:35] [INFO   ] ConsumerPerRecordAnalysis;1494;3975; 
[2021-04-11 15:36:35] [INFO   ] ConsumerPerRecordAnalysis;1495;6508; 
[2021-04-11 15:36:35] [INFO   ] ConsumerPerRecordAnalysis;1496;7822; 
[2021-04-11 15:36:35] [INFO   ] ConsumerPerRecordAnalysis;1497;4835; 
[2021-04-11 15:36:35] [INFO   ] ConsumerPerRecordAnalysis;1498;7382; 
[2021-04-11 15:36:35] [INFO   ] ConsumerPerRecordAnalysis;1499;4428; 
[2021-04-11 15:36:35] [INFO   ] ConsumerPerRecordAnalysis;1500;4239; 
[2021-04-11 15:36:35] [INFO   ] ConsumerPerRecordAnalysis;1501;8177; 
[2021-04-11 15:36:35] [INFO   ] ConsumerPerRecordAnalysis;1502;6425; 
[2021-04-11 15:36:35] [INFO   ] ConsumerPerRecordAnalysis;1503;4876; 
[2021-04-11 15:36:35] [INFO   ] ConsumerPerRecordAnalysis;1504;9468; 
[2021-04-11 15:36:35] [INFO   ] ConsumerPerRecordAnalysis;1505;7261; 
[2021-04-11 15:36:35] [INFO   ] ConsumerPerRecordAnalysis;1506;3457; 
[2021-04-11 15:36:35] [INFO   ] ConsumerPerRecordAnalysis;1507;7148; 
[2021-04-11 15:36:35] [INFO   ] ConsumerPerRecordAnalysis;1508;4605; 
[2021-04-11 15:36:35] [INFO   ] ConsumerPerRecordAnalysis;1509;3952; 
[2021-04-11 15:36:35] [INFO   ] ConsumerPerRecordAnalysis;1510;6587; 
[2021-04-11 15:36:35] [INFO   ] ConsumerPerRecordAnalysis;1511;8482; 
[2021-04-11 15:36:35] [INFO   ] ConsumerPerRecordAnalysis;1512;8115; 
[2021-04-11 15:36:35] [INFO   ] ConsumerPerRecordAnalysis;1513;10968; 
[2021-04-11 15:36:35] [INFO   ] ConsumerPerRecordAnalysis;1514;4882; 
[2021-04-11 15:36:35] [INFO   ] ConsumerPerRecordAnalysis;1515;7684; 
[2021-04-11 15:36:35] [INFO   ] ConsumerPerRecordAnalysis;1516;5089; 
[2021-04-11 15:36:35] [INFO   ] ConsumerPerRecordAnalysis;1517;4818; 
[2021-04-11 15:36:35] [INFO   ] ConsumerPerRecordAnalysis;1518;7496; 
[2021-04-11 15:36:35] [INFO   ] ConsumerPerRecordAnalysis;1519;8642; 
[2021-04-11 15:36:35] [INFO   ] ConsumerPerRecordAnalysis;1520;4239; 
[2021-04-11 15:36:35] [INFO   ] ConsumerPerRecordAnalysis;1521;3213; 
[2021-04-11 15:36:35] [INFO   ] ConsumerPerRecordAnalysis;1522;4853; 
[2021-04-11 15:36:35] [INFO   ] ConsumerPerRecordAnalysis;1523;6906; 
[2021-04-11 15:36:35] [INFO   ] ConsumerPerRecordAnalysis;1524;4674; 
[2021-04-11 15:36:35] [INFO   ] ConsumerPerRecordAnalysis;1525;6073; 
[2021-04-11 15:36:35] [INFO   ] ConsumerPerRecordAnalysis;1526;5183; 
[2021-04-11 15:36:35] [INFO   ] ConsumerPerRecordAnalysis;1527;7959; 
[2021-04-11 15:36:35] [INFO   ] ConsumerPerRecordAnalysis;1528;7693; 
[2021-04-11 15:36:35] [INFO   ] ConsumerPerRecordAnalysis;1529;8269; 
[2021-04-11 15:36:35] [INFO   ] ConsumerPerRecordAnalysis;1530;7123; 
[2021-04-11 15:36:35] [INFO   ] ConsumerPerRecordAnalysis;1531;5660; 
[2021-04-11 15:36:35] [INFO   ] ConsumerPerRecordAnalysis;1532;3920; 
[2021-04-11 15:36:35] [INFO   ] ConsumerPerRecordAnalysis;1533;3312; 
[2021-04-11 15:36:35] [INFO   ] ConsumerPerRecordAnalysis;1534;31523; 
[2021-04-11 15:36:35] [INFO   ] ConsumerPerRecordAnalysis;1535;5478; 
[2021-04-11 15:36:35] [INFO   ] ConsumerPerRecordAnalysis;1536;8490; 
[2021-04-11 15:36:35] [INFO   ] ConsumerPerRecordAnalysis;1537;8853; 
[2021-04-11 15:36:35] [INFO   ] ConsumerPerRecordAnalysis;1538;12066; 
[2021-04-11 15:36:35] [INFO   ] ConsumerPerRecordAnalysis;1539;4880; 
[2021-04-11 15:36:35] [INFO   ] ConsumerPerRecordAnalysis;1540;4297; 
[2021-04-11 15:36:35] [INFO   ] ConsumerPerRecordAnalysis;1541;5880; 
[2021-04-11 15:36:35] [INFO   ] ConsumerPerRecordAnalysis;1542;5290; 
[2021-04-11 15:36:35] [INFO   ] ConsumerPerRecordAnalysis;1543;4096; 
[2021-04-11 15:36:35] [INFO   ] ConsumerPerRecordAnalysis;1544;6137; 
[2021-04-11 15:36:35] [INFO   ] ConsumerPerRecordAnalysis;1545;5736; 
[2021-04-11 15:36:35] [INFO   ] ConsumerPerRecordAnalysis;1546;6286; 
[2021-04-11 15:36:35] [INFO   ] ConsumerPerRecordAnalysis;1547;7044; 
[2021-04-11 15:36:35] [INFO   ] ConsumerPerRecordAnalysis;1548;4651; 
[2021-04-11 15:36:35] [INFO   ] ConsumerPerRecordAnalysis;1549;4553; 
[2021-04-11 15:36:35] [INFO   ] ConsumerPerRecordAnalysis;1550;10004; 
[2021-04-11 15:36:35] [INFO   ] ConsumerPerRecordAnalysis;1551;6947; 
[2021-04-11 15:36:35] [INFO   ] ConsumerPerRecordAnalysis;1552;5655; 
[2021-04-11 15:36:36] [INFO   ] ConsumerPerRecordAnalysis;1553;7964; 
[2021-04-11 15:36:36] [INFO   ] ConsumerPerRecordAnalysis;1554;10926; 
[2021-04-11 15:36:36] [INFO   ] ConsumerPerRecordAnalysis;1555;6622; 
[2021-04-11 15:36:36] [INFO   ] ConsumerPerRecordAnalysis;1556;7790; 
[2021-04-11 15:36:36] [INFO   ] ConsumerPerRecordAnalysis;1557;4017; 
[2021-04-11 15:36:36] [INFO   ] ConsumerPerRecordAnalysis;1558;3647; 
[2021-04-11 15:36:36] [INFO   ] ConsumerPerRecordAnalysis;1559;9313; 
[2021-04-11 15:36:36] [INFO   ] ConsumerPerRecordAnalysis;1560;5867; 
[2021-04-11 15:36:36] [INFO   ] ConsumerPerRecordAnalysis;1561;12185; 
[2021-04-11 15:36:36] [INFO   ] ConsumerPerRecordAnalysis;1562;8114; 
[2021-04-11 15:36:36] [INFO   ] ConsumerPerRecordAnalysis;1563;6095; 
[2021-04-11 15:36:36] [INFO   ] ConsumerPerRecordAnalysis;1564;3558; 
[2021-04-11 15:36:36] [INFO   ] ConsumerPerRecordAnalysis;1565;8273; 
[2021-04-11 15:36:36] [INFO   ] ConsumerPerRecordAnalysis;1566;11670; 
[2021-04-11 15:36:36] [INFO   ] ConsumerPerRecordAnalysis;1567;4486; 
[2021-04-11 15:36:36] [INFO   ] ConsumerPerRecordAnalysis;1568;7057; 
[2021-04-11 15:36:36] [INFO   ] ConsumerPerRecordAnalysis;1569;7242; 
[2021-04-11 15:36:36] [INFO   ] ConsumerPerRecordAnalysis;1570;6926; 
[2021-04-11 15:36:36] [INFO   ] ConsumerPerRecordAnalysis;1571;8378; 
[2021-04-11 15:36:36] [INFO   ] ConsumerPerRecordAnalysis;1572;5638; 
[2021-04-11 15:36:36] [INFO   ] ConsumerPerRecordAnalysis;1573;13821; 
[2021-04-11 15:36:36] [INFO   ] ConsumerPerRecordAnalysis;1574;5402; 
[2021-04-11 15:36:36] [INFO   ] ConsumerPerRecordAnalysis;1575;7605; 
[2021-04-11 15:36:36] [INFO   ] ConsumerPerRecordAnalysis;1576;6050; 
[2021-04-11 15:36:36] [INFO   ] ConsumerPerRecordAnalysis;1577;10866; 
[2021-04-11 15:36:36] [INFO   ] ConsumerPerRecordAnalysis;1578;7040; 
[2021-04-11 15:36:36] [INFO   ] ConsumerPerRecordAnalysis;1579;15317; 
[2021-04-11 15:36:36] [INFO   ] ConsumerPerRecordAnalysis;1580;7412; 
[2021-04-11 15:36:36] [INFO   ] ConsumerPerRecordAnalysis;1581;6778; 
[2021-04-11 15:36:36] [INFO   ] ConsumerPerRecordAnalysis;1582;3848; 
[2021-04-11 15:36:36] [INFO   ] ConsumerPerRecordAnalysis;1583;7591; 
[2021-04-11 15:36:36] [INFO   ] ConsumerPerRecordAnalysis;1584;5523; 
[2021-04-11 15:36:36] [INFO   ] ConsumerPerRecordAnalysis;1585;5405; 
[2021-04-11 15:36:36] [INFO   ] ConsumerPerRecordAnalysis;1586;8413; 
[2021-04-11 15:36:36] [INFO   ] ConsumerPerRecordAnalysis;1587;5415; 
[2021-04-11 15:36:36] [INFO   ] ConsumerPerRecordAnalysis;1588;7782; 
[2021-04-11 15:36:36] [INFO   ] ConsumerPerRecordAnalysis;1589;6242; 
[2021-04-11 15:36:36] [INFO   ] ConsumerPerRecordAnalysis;1590;5219; 
[2021-04-11 15:36:36] [INFO   ] ConsumerPerRecordAnalysis;1591;7358; 
[2021-04-11 15:36:36] [INFO   ] ConsumerPerRecordAnalysis;1592;4797; 
[2021-04-11 15:36:36] [INFO   ] ConsumerPerRecordAnalysis;1593;5899; 
[2021-04-11 15:36:36] [INFO   ] ConsumerPerRecordAnalysis;1594;9164; 
[2021-04-11 15:36:36] [INFO   ] ConsumerPerRecordAnalysis;1595;7721; 
[2021-04-11 15:36:36] [INFO   ] ConsumerPerRecordAnalysis;1596;5445; 
[2021-04-11 15:36:36] [INFO   ] ConsumerPerRecordAnalysis;1597;4577; 
[2021-04-11 15:36:36] [INFO   ] ConsumerPerRecordAnalysis;1598;7396; 
[2021-04-11 15:36:36] [INFO   ] ConsumerPerRecordAnalysis;1599;6087; 
[2021-04-11 15:36:36] [INFO   ] ConsumerPerRecordAnalysis;1600;17031; 
[2021-04-11 15:36:36] [INFO   ] ConsumerPerRecordAnalysis;1601;10926; 
[2021-04-11 15:36:36] [INFO   ] ConsumerPerRecordAnalysis;1602;4943; 
[2021-04-11 15:36:36] [INFO   ] ConsumerPerRecordAnalysis;1603;6121; 
[2021-04-11 15:36:36] [INFO   ] ConsumerPerRecordAnalysis;1604;7193; 
[2021-04-11 15:36:36] [INFO   ] ConsumerPerRecordAnalysis;1605;8499; 
[2021-04-11 15:36:36] [INFO   ] ConsumerPerRecordAnalysis;1606;7724; 
[2021-04-11 15:36:36] [INFO   ] ConsumerPerRecordAnalysis;1607;8327; 
[2021-04-11 15:36:36] [INFO   ] ConsumerPerRecordAnalysis;1608;5453; 
[2021-04-11 15:36:36] [INFO   ] ConsumerPerRecordAnalysis;1609;9529; 
[2021-04-11 15:36:36] [INFO   ] ConsumerPerRecordAnalysis;1610;7447; 
[2021-04-11 15:36:36] [INFO   ] ConsumerPerRecordAnalysis;1611;5961; 
[2021-04-11 15:36:36] [INFO   ] ConsumerPerRecordAnalysis;1612;4804; 
[2021-04-11 15:36:36] [INFO   ] ConsumerPerRecordAnalysis;1613;9699; 
[2021-04-11 15:36:36] [INFO   ] ConsumerPerRecordAnalysis;1614;6063; 
[2021-04-11 15:36:36] [INFO   ] ConsumerPerRecordAnalysis;1615;11847; 
[2021-04-11 15:36:36] [INFO   ] ConsumerPerRecordAnalysis;1616;6105; 
[2021-04-11 15:36:36] [INFO   ] ConsumerPerRecordAnalysis;1617;4797; 
[2021-04-11 15:36:36] [INFO   ] ConsumerPerRecordAnalysis;1618;5933; 
[2021-04-11 15:36:36] [INFO   ] ConsumerPerRecordAnalysis;1619;4742; 
[2021-04-11 15:36:36] [INFO   ] ConsumerPerRecordAnalysis;1620;4575; 
[2021-04-11 15:36:36] [INFO   ] ConsumerPerRecordAnalysis;1621;11510; 
[2021-04-11 15:36:36] [INFO   ] ConsumerPerRecordAnalysis;1622;5864; 
[2021-04-11 15:36:36] [INFO   ] ConsumerPerRecordAnalysis;1623;5807; 
[2021-04-11 15:36:36] [INFO   ] ConsumerPerRecordAnalysis;1624;8433; 
[2021-04-11 15:36:36] [INFO   ] ConsumerPerRecordAnalysis;1625;4927; 
[2021-04-11 15:36:36] [INFO   ] ConsumerPerRecordAnalysis;1626;21311; 
[2021-04-11 15:36:36] [INFO   ] ConsumerPerRecordAnalysis;1627;4430; 
[2021-04-11 15:36:36] [INFO   ] ConsumerPerRecordAnalysis;1628;31421; 
[2021-04-11 15:36:36] [INFO   ] ConsumerPerRecordAnalysis;1629;6662; 
[2021-04-11 15:36:36] [INFO   ] ConsumerPerRecordAnalysis;1630;4802; 
[2021-04-11 15:36:36] [INFO   ] ConsumerPerRecordAnalysis;1631;5787; 
[2021-04-11 15:36:36] [INFO   ] ConsumerPerRecordAnalysis;1632;7636; 
[2021-04-11 15:36:36] [INFO   ] ConsumerPerRecordAnalysis;1633;3985; 
[2021-04-11 15:36:36] [INFO   ] ConsumerPerRecordAnalysis;1634;18620; 
[2021-04-11 15:36:36] [INFO   ] ConsumerPerRecordAnalysis;1635;4043; 
[2021-04-11 15:36:36] [INFO   ] ConsumerPerRecordAnalysis;1636;7455; 
[2021-04-11 15:36:36] [INFO   ] ConsumerPerRecordAnalysis;1637;4589; 
[2021-04-11 15:36:36] [INFO   ] ConsumerPerRecordAnalysis;1638;6440; 
[2021-04-11 15:36:36] [INFO   ] ConsumerPerRecordAnalysis;1639;3749; 
[2021-04-11 15:36:36] [INFO   ] ConsumerPerRecordAnalysis;1640;8150; 
[2021-04-11 15:36:36] [INFO   ] ConsumerPerRecordAnalysis;1641;9873; 
[2021-04-11 15:36:36] [INFO   ] ConsumerPerRecordAnalysis;1642;6722; 
[2021-04-11 15:36:36] [INFO   ] ConsumerPerRecordAnalysis;1643;3728; 
[2021-04-11 15:36:36] [INFO   ] ConsumerPerRecordAnalysis;1644;7393; 
[2021-04-11 15:36:36] [INFO   ] ConsumerPerRecordAnalysis;1645;4126; 
[2021-04-11 15:36:36] [INFO   ] ConsumerPerRecordAnalysis;1646;6747; 
[2021-04-11 15:36:36] [INFO   ] ConsumerPerRecordAnalysis;1647;7574; 
[2021-04-11 15:36:36] [INFO   ] ConsumerPerRecordAnalysis;1648;4129; 
[2021-04-11 15:36:36] [INFO   ] ConsumerPerRecordAnalysis;1649;6860; 
[2021-04-11 15:36:36] [INFO   ] ConsumerPerRecordAnalysis;1650;4814; 
[2021-04-11 15:36:36] [INFO   ] ConsumerPerRecordAnalysis;1651;7456; 
[2021-04-11 15:36:36] [INFO   ] ConsumerPerRecordAnalysis;1652;8087; 
[2021-04-11 15:36:36] [INFO   ] ConsumerPerRecordAnalysis;1653;7464; 
[2021-04-11 15:36:36] [INFO   ] ConsumerPerRecordAnalysis;1654;5236; 
[2021-04-11 15:36:36] [INFO   ] ConsumerPerRecordAnalysis;1655;7488; 
[2021-04-11 15:36:36] [INFO   ] ConsumerPerRecordAnalysis;1656;3970; 
[2021-04-11 15:36:36] [INFO   ] ConsumerPerRecordAnalysis;1657;3996; 
[2021-04-11 15:36:37] [INFO   ] ConsumerPerRecordAnalysis;1658;8794; 
[2021-04-11 15:36:37] [INFO   ] ConsumerPerRecordAnalysis;1659;6655; 
[2021-04-11 15:36:37] [INFO   ] ConsumerPerRecordAnalysis;1660;3246; 
[2021-04-11 15:36:37] [INFO   ] ConsumerPerRecordAnalysis;1661;5187; 
[2021-04-11 15:36:37] [INFO   ] ConsumerPerRecordAnalysis;1662;6491; 
[2021-04-11 15:36:37] [INFO   ] ConsumerPerRecordAnalysis;1663;4257; 
[2021-04-11 15:36:37] [INFO   ] ConsumerPerRecordAnalysis;1664;6396; 
[2021-04-11 15:36:37] [INFO   ] ConsumerPerRecordAnalysis;1665;9359; 
[2021-04-11 15:36:37] [INFO   ] ConsumerPerRecordAnalysis;1666;6408; 
[2021-04-11 15:36:37] [INFO   ] ConsumerPerRecordAnalysis;1667;6958; 
[2021-04-11 15:36:37] [INFO   ] ConsumerPerRecordAnalysis;1668;8061; 
[2021-04-11 15:36:37] [INFO   ] ConsumerPerRecordAnalysis;1669;7625; 
[2021-04-11 15:36:37] [INFO   ] ConsumerPerRecordAnalysis;1670;4495; 
[2021-04-11 15:36:37] [INFO   ] ConsumerPerRecordAnalysis;1671;7760; 
[2021-04-11 15:36:37] [INFO   ] ConsumerPerRecordAnalysis;1672;5618; 
[2021-04-11 15:36:37] [INFO   ] ConsumerPerRecordAnalysis;1673;8488; 
[2021-04-11 15:36:37] [INFO   ] ConsumerPerRecordAnalysis;1674;5146; 
[2021-04-11 15:36:37] [INFO   ] ConsumerPerRecordAnalysis;1675;4677; 
[2021-04-11 15:36:37] [INFO   ] ConsumerPerRecordAnalysis;1676;5500; 
[2021-04-11 15:36:37] [INFO   ] ConsumerPerRecordAnalysis;1677;26409; 
[2021-04-11 15:36:37] [INFO   ] ConsumerPerRecordAnalysis;1678;5065; 
[2021-04-11 15:36:37] [INFO   ] ConsumerPerRecordAnalysis;1679;5343; 
[2021-04-11 15:36:37] [INFO   ] ConsumerPerRecordAnalysis;1680;9626; 
[2021-04-11 15:36:37] [INFO   ] ConsumerPerRecordAnalysis;1681;5849; 
[2021-04-11 15:36:37] [INFO   ] ConsumerPerRecordAnalysis;1682;7088; 
[2021-04-11 15:36:37] [INFO   ] ConsumerPerRecordAnalysis;1683;9044; 
[2021-04-11 15:36:37] [INFO   ] ConsumerPerRecordAnalysis;1684;9693; 
[2021-04-11 15:36:37] [INFO   ] ConsumerPerRecordAnalysis;1685;9613; 
[2021-04-11 15:36:37] [INFO   ] ConsumerPerRecordAnalysis;1686;7229; 
[2021-04-11 15:36:37] [INFO   ] ConsumerPerRecordAnalysis;1687;4941; 
[2021-04-11 15:36:37] [INFO   ] ConsumerPerRecordAnalysis;1688;13126; 
[2021-04-11 15:36:37] [INFO   ] ConsumerPerRecordAnalysis;1689;6272; 
[2021-04-11 15:36:37] [INFO   ] ConsumerPerRecordAnalysis;1690;9866; 
[2021-04-11 15:36:37] [INFO   ] ConsumerPerRecordAnalysis;1691;7725; 
[2021-04-11 15:36:37] [INFO   ] ConsumerPerRecordAnalysis;1692;12062; 
[2021-04-11 15:36:37] [INFO   ] ConsumerPerRecordAnalysis;1693;5853; 
[2021-04-11 15:36:37] [INFO   ] ConsumerPerRecordAnalysis;1694;6902; 
[2021-04-11 15:36:37] [INFO   ] ConsumerPerRecordAnalysis;1695;7335; 
[2021-04-11 15:36:37] [INFO   ] ConsumerPerRecordAnalysis;1696;3748; 
[2021-04-11 15:36:37] [INFO   ] ConsumerPerRecordAnalysis;1697;4396; 
[2021-04-11 15:36:37] [INFO   ] ConsumerPerRecordAnalysis;1698;4291; 
[2021-04-11 15:36:37] [INFO   ] ConsumerPerRecordAnalysis;1699;8702; 
[2021-04-11 15:36:37] [INFO   ] ConsumerPerRecordAnalysis;1700;4688; 
[2021-04-11 15:36:37] [INFO   ] ConsumerPerRecordAnalysis;1701;4203; 
[2021-04-11 15:36:37] [INFO   ] ConsumerPerRecordAnalysis;1702;7564; 
[2021-04-11 15:36:37] [INFO   ] ConsumerPerRecordAnalysis;1703;4398; 
[2021-04-11 15:36:37] [INFO   ] ConsumerPerRecordAnalysis;1704;8899; 
[2021-04-11 15:36:37] [INFO   ] ConsumerPerRecordAnalysis;1705;7395; 
[2021-04-11 15:36:37] [INFO   ] ConsumerPerRecordAnalysis;1706;4680; 
[2021-04-11 15:36:37] [INFO   ] ConsumerPerRecordAnalysis;1707;6192; 
[2021-04-11 15:36:37] [INFO   ] ConsumerPerRecordAnalysis;1708;9071; 
[2021-04-11 15:36:37] [INFO   ] ConsumerPerRecordAnalysis;1709;4468; 
[2021-04-11 15:36:37] [INFO   ] ConsumerPerRecordAnalysis;1710;4530; 
[2021-04-11 15:36:37] [INFO   ] ConsumerPerRecordAnalysis;1711;4752; 
[2021-04-11 15:36:37] [INFO   ] ConsumerPerRecordAnalysis;1712;6237; 
[2021-04-11 15:36:37] [INFO   ] ConsumerPerRecordAnalysis;1713;5300; 
[2021-04-11 15:36:37] [INFO   ] ConsumerPerRecordAnalysis;1714;5008; 
[2021-04-11 15:36:37] [INFO   ] ConsumerPerRecordAnalysis;1715;4178; 
[2021-04-11 15:36:37] [INFO   ] ConsumerPerRecordAnalysis;1716;6244; 
[2021-04-11 15:36:37] [INFO   ] ConsumerPerRecordAnalysis;1717;17987; 
[2021-04-11 15:36:37] [INFO   ] ConsumerPerRecordAnalysis;1718;14825; 
[2021-04-11 15:36:37] [INFO   ] ConsumerPerRecordAnalysis;1719;12697; 
[2021-04-11 15:36:37] [INFO   ] ConsumerPerRecordAnalysis;1720;11133; 
[2021-04-11 15:36:37] [INFO   ] ConsumerPerRecordAnalysis;1721;5886; 
[2021-04-11 15:36:37] [INFO   ] ConsumerPerRecordAnalysis;1722;3088; 
[2021-04-11 15:36:37] [INFO   ] ConsumerPerRecordAnalysis;1723;7484; 
[2021-04-11 15:36:37] [INFO   ] ConsumerPerRecordAnalysis;1724;4095; 
[2021-04-11 15:36:37] [INFO   ] ConsumerPerRecordAnalysis;1725;3028; 
[2021-04-11 15:36:37] [INFO   ] ConsumerPerRecordAnalysis;1726;4138; 
[2021-04-11 15:36:37] [INFO   ] ConsumerPerRecordAnalysis;1727;4667; 
[2021-04-11 15:36:37] [INFO   ] ConsumerPerRecordAnalysis;1728;7474; 
[2021-04-11 15:36:37] [INFO   ] ConsumerPerRecordAnalysis;1729;4193; 
[2021-04-11 15:36:37] [INFO   ] ConsumerPerRecordAnalysis;1730;7703; 
[2021-04-11 15:36:37] [INFO   ] ConsumerPerRecordAnalysis;1731;4226; 
[2021-04-11 15:36:38] [INFO   ] ConsumerPerRecordAnalysis;1732;310546; 
[2021-04-11 15:36:38] [INFO   ] ConsumerPerRecordAnalysis;1733;10151; 
[2021-04-11 15:36:38] [INFO   ] ConsumerPerRecordAnalysis;1734;5701; 
[2021-04-11 15:36:38] [INFO   ] ConsumerPerRecordAnalysis;1735;14335; 
[2021-04-11 15:36:38] [INFO   ] ConsumerPerRecordAnalysis;1736;9732; 
[2021-04-11 15:36:38] [INFO   ] ConsumerPerRecordAnalysis;1737;6868; 
[2021-04-11 15:36:38] [INFO   ] ConsumerPerRecordAnalysis;1738;6067; 
[2021-04-11 15:36:38] [INFO   ] ConsumerPerRecordAnalysis;1739;13480; 
[2021-04-11 15:36:38] [INFO   ] ConsumerPerRecordAnalysis;1740;7850; 
[2021-04-11 15:36:38] [INFO   ] ConsumerPerRecordAnalysis;1741;7274; 
[2021-04-11 15:36:38] [INFO   ] ConsumerPerRecordAnalysis;1742;9046; 
[2021-04-11 15:36:38] [INFO   ] ConsumerPerRecordAnalysis;1743;9971; 
[2021-04-11 15:36:38] [INFO   ] ConsumerPerRecordAnalysis;1744;11567; 
[2021-04-11 15:36:38] [INFO   ] ConsumerPerRecordAnalysis;1745;15405; 
[2021-04-11 15:36:38] [INFO   ] ConsumerPerRecordAnalysis;1746;6400; 
[2021-04-11 15:36:38] [INFO   ] ConsumerPerRecordAnalysis;1747;6935; 
[2021-04-11 15:36:38] [INFO   ] ConsumerPerRecordAnalysis;1748;11077; 
[2021-04-11 15:36:38] [INFO   ] ConsumerPerRecordAnalysis;1749;6922; 
[2021-04-11 15:36:38] [INFO   ] ConsumerPerRecordAnalysis;1750;39508; 
[2021-04-11 15:36:38] [INFO   ] ConsumerPerRecordAnalysis;1751;22597; 
[2021-04-11 15:36:38] [INFO   ] ConsumerPerRecordAnalysis;1752;31541; 
[2021-04-11 15:36:38] [INFO   ] ConsumerPerRecordAnalysis;1753;6707; 
[2021-04-11 15:36:38] [INFO   ] ConsumerPerRecordAnalysis;1754;4083; 
[2021-04-11 15:36:38] [INFO   ] ConsumerPerRecordAnalysis;1755;6807; 
[2021-04-11 15:36:38] [INFO   ] ConsumerPerRecordAnalysis;1756;7050; 
[2021-04-11 15:36:38] [INFO   ] ConsumerPerRecordAnalysis;1757;6208; 
[2021-04-11 15:36:38] [INFO   ] ConsumerPerRecordAnalysis;1758;7220; 
[2021-04-11 15:36:38] [INFO   ] ConsumerPerRecordAnalysis;1759;9153; 
[2021-04-11 15:36:38] [INFO   ] ConsumerPerRecordAnalysis;1760;5557; 
[2021-04-11 15:36:38] [INFO   ] ConsumerPerRecordAnalysis;1761;4209; 
[2021-04-11 15:36:38] [INFO   ] ConsumerPerRecordAnalysis;1762;6753; 
[2021-04-11 15:36:38] [INFO   ] ConsumerPerRecordAnalysis;1763;9921; 
[2021-04-11 15:36:38] [INFO   ] ConsumerPerRecordAnalysis;1764;9803; 
[2021-04-11 15:36:38] [INFO   ] ConsumerPerRecordAnalysis;1765;5855; 
[2021-04-11 15:36:38] [INFO   ] ConsumerPerRecordAnalysis;1766;8607; 
[2021-04-11 15:36:38] [INFO   ] ConsumerPerRecordAnalysis;1767;6087; 
[2021-04-11 15:36:38] [INFO   ] ConsumerPerRecordAnalysis;1768;8537; 
[2021-04-11 15:36:38] [INFO   ] ConsumerPerRecordAnalysis;1769;8049; 
[2021-04-11 15:36:38] [INFO   ] ConsumerPerRecordAnalysis;1770;6864; 
[2021-04-11 15:36:38] [INFO   ] ConsumerPerRecordAnalysis;1771;13086; 
[2021-04-11 15:36:38] [INFO   ] ConsumerPerRecordAnalysis;1772;6374; 
[2021-04-11 15:36:38] [INFO   ] ConsumerPerRecordAnalysis;1773;3568; 
[2021-04-11 15:36:38] [INFO   ] ConsumerPerRecordAnalysis;1774;4068; 
[2021-04-11 15:36:38] [INFO   ] ConsumerPerRecordAnalysis;1775;7828; 
[2021-04-11 15:36:38] [INFO   ] ConsumerPerRecordAnalysis;1776;6256; 
[2021-04-11 15:36:38] [INFO   ] ConsumerPerRecordAnalysis;1777;4021; 
[2021-04-11 15:36:38] [INFO   ] ConsumerPerRecordAnalysis;1778;8290; 
[2021-04-11 15:36:38] [INFO   ] ConsumerPerRecordAnalysis;1779;4153; 
[2021-04-11 15:36:38] [INFO   ] ConsumerPerRecordAnalysis;1780;3900; 
[2021-04-11 15:36:38] [INFO   ] ConsumerPerRecordAnalysis;1781;3477; 
[2021-04-11 15:36:38] [INFO   ] ConsumerPerRecordAnalysis;1782;4799; 
[2021-04-11 15:36:38] [INFO   ] ConsumerPerRecordAnalysis;1783;8014; 
[2021-04-11 15:36:38] [INFO   ] ConsumerPerRecordAnalysis;1784;15646; 
[2021-04-11 15:36:38] [INFO   ] ConsumerPerRecordAnalysis;1785;6037; 
[2021-04-11 15:36:38] [INFO   ] ConsumerPerRecordAnalysis;1786;23680; 
[2021-04-11 15:36:38] [INFO   ] ConsumerPerRecordAnalysis;1787;4929; 
[2021-04-11 15:36:38] [INFO   ] ConsumerPerRecordAnalysis;1788;6973; 
[2021-04-11 15:36:38] [INFO   ] ConsumerPerRecordAnalysis;1789;4576; 
[2021-04-11 15:36:38] [INFO   ] ConsumerPerRecordAnalysis;1790;8309; 
[2021-04-11 15:36:38] [INFO   ] ConsumerPerRecordAnalysis;1791;4893; 
[2021-04-11 15:36:38] [INFO   ] ConsumerPerRecordAnalysis;1792;6323; 
[2021-04-11 15:36:38] [INFO   ] ConsumerPerRecordAnalysis;1793;6178; 
[2021-04-11 15:36:38] [INFO   ] ConsumerPerRecordAnalysis;1794;14231; 
[2021-04-11 15:36:38] [INFO   ] ConsumerPerRecordAnalysis;1795;6148; 
[2021-04-11 15:36:38] [INFO   ] ConsumerPerRecordAnalysis;1796;3841; 
[2021-04-11 15:36:38] [INFO   ] ConsumerPerRecordAnalysis;1797;4088; 
[2021-04-11 15:36:38] [INFO   ] ConsumerPerRecordAnalysis;1798;8609; 
[2021-04-11 15:36:38] [INFO   ] ConsumerPerRecordAnalysis;1799;14557; 
[2021-04-11 15:36:38] [INFO   ] ConsumerPerRecordAnalysis;1800;11012; 
[2021-04-11 15:36:38] [INFO   ] ConsumerPerRecordAnalysis;1801;4203; 
[2021-04-11 15:36:38] [INFO   ] ConsumerPerRecordAnalysis;1802;8008; 
[2021-04-11 15:36:38] [INFO   ] ConsumerPerRecordAnalysis;1803;3934; 
[2021-04-11 15:36:38] [INFO   ] ConsumerPerRecordAnalysis;1804;6789; 
[2021-04-11 15:36:38] [INFO   ] ConsumerPerRecordAnalysis;1805;39163; 
[2021-04-11 15:36:39] [INFO   ] ConsumerPerRecordAnalysis;1806;10449; 
[2021-04-11 15:36:39] [INFO   ] ConsumerPerRecordAnalysis;1807;19666; 
[2021-04-11 15:36:39] [INFO   ] ConsumerPerRecordAnalysis;1808;4585; 
[2021-04-11 15:36:39] [INFO   ] ConsumerPerRecordAnalysis;1809;3027; 
[2021-04-11 15:36:39] [INFO   ] ConsumerPerRecordAnalysis;1810;848; 
[2021-04-11 15:36:39] [INFO   ] ConsumerPerRecordAnalysis;1811;4122; 
[2021-04-11 15:36:39] [INFO   ] ConsumerPerRecordAnalysis;1812;13528; 
[2021-04-11 15:36:39] [INFO   ] ConsumerPerRecordAnalysis;1813;8982; 
[2021-04-11 15:36:39] [INFO   ] ConsumerPerRecordAnalysis;1814;29295; 
[2021-04-11 15:36:39] [INFO   ] ConsumerPerRecordAnalysis;1815;61450; 
[2021-04-11 15:36:39] [INFO   ] ConsumerPerRecordAnalysis;1816;106486; 
[2021-04-11 15:36:39] [INFO   ] ConsumerPerRecordAnalysis;1817;22652; 
[2021-04-11 15:36:39] [INFO   ] ConsumerPerRecordAnalysis;1818;6848; 
[2021-04-11 15:36:39] [INFO   ] ConsumerPerRecordAnalysis;1819;13419; 
[2021-04-11 15:36:39] [INFO   ] ConsumerPerRecordAnalysis;1820;4847; 
[2021-04-11 15:36:39] [INFO   ] ConsumerPerRecordAnalysis;1821;10299; 
[2021-04-11 15:36:39] [INFO   ] ConsumerPerRecordAnalysis;1822;5764; 
[2021-04-11 15:36:39] [INFO   ] ConsumerPerRecordAnalysis;1823;4661; 
[2021-04-11 15:36:39] [INFO   ] ConsumerPerRecordAnalysis;1824;3949; 
[2021-04-11 15:36:39] [INFO   ] ConsumerPerRecordAnalysis;1825;6740; 
[2021-04-11 15:36:39] [INFO   ] ConsumerPerRecordAnalysis;1826;5153; 
[2021-04-11 15:36:39] [INFO   ] ConsumerPerRecordAnalysis;1827;3232; 
[2021-04-11 15:36:39] [INFO   ] ConsumerPerRecordAnalysis;1828;3950; 
[2021-04-11 15:36:39] [INFO   ] ConsumerPerRecordAnalysis;1829;6248; 
[2021-04-11 15:36:39] [INFO   ] ConsumerPerRecordAnalysis;1830;45834; 
[2021-04-11 15:36:39] [INFO   ] ConsumerPerRecordAnalysis;1831;10932; 
[2021-04-11 15:36:39] [INFO   ] ConsumerPerRecordAnalysis;1832;8007; 
[2021-04-11 15:36:39] [INFO   ] ConsumerPerRecordAnalysis;1833;17684; 
[2021-04-11 15:36:39] [INFO   ] ConsumerPerRecordAnalysis;1834;4279; 
[2021-04-11 15:36:39] [INFO   ] ConsumerPerRecordAnalysis;1835;17874; 
[2021-04-11 15:36:39] [INFO   ] ConsumerPerRecordAnalysis;1836;3208; 
[2021-04-11 15:36:39] [INFO   ] ConsumerPerRecordAnalysis;1837;22483; 
[2021-04-11 15:36:39] [INFO   ] ConsumerPerRecordAnalysis;1838;4233; 
[2021-04-11 15:36:39] [INFO   ] ConsumerPerRecordAnalysis;1839;11493; 
[2021-04-11 15:36:39] [INFO   ] ConsumerPerRecordAnalysis;1840;40946; 
[2021-04-11 15:36:39] [INFO   ] ConsumerPerRecordAnalysis;1841;9488; 
[2021-04-11 15:36:39] [INFO   ] ConsumerPerRecordAnalysis;1842;7636; 
[2021-04-11 15:36:39] [INFO   ] ConsumerPerRecordAnalysis;1843;10121; 
[2021-04-11 15:36:40] [INFO   ] ConsumerPerRecordAnalysis;1844;8805; 
[2021-04-11 15:36:40] [INFO   ] ConsumerPerRecordAnalysis;1845;11529; 
[2021-04-11 15:36:40] [INFO   ] ConsumerPerRecordAnalysis;1846;7848; 
[2021-04-11 15:36:40] [INFO   ] ConsumerPerRecordAnalysis;1847;16269; 
[2021-04-11 15:36:40] [INFO   ] ConsumerPerRecordAnalysis;1848;45857; 
[2021-04-11 15:36:40] [INFO   ] ConsumerPerRecordAnalysis;1849;8618; 
[2021-04-11 15:36:40] [INFO   ] ConsumerPerRecordAnalysis;1850;6968; 
[2021-04-11 15:36:40] [INFO   ] ConsumerPerRecordAnalysis;1851;13060; 
[2021-04-11 15:36:40] [INFO   ] ConsumerPerRecordAnalysis;1852;9030; 
[2021-04-11 15:36:40] [INFO   ] ConsumerPerRecordAnalysis;1853;5696; 
[2021-04-11 15:36:40] [INFO   ] ConsumerPerRecordAnalysis;1854;8150; 
[2021-04-11 15:36:40] [INFO   ] ConsumerPerRecordAnalysis;1855;7052; 
[2021-04-11 15:36:40] [INFO   ] ConsumerPerRecordAnalysis;1856;25105; 
[2021-04-11 15:36:40] [INFO   ] ConsumerPerRecordAnalysis;1857;4140; 
[2021-04-11 15:36:40] [INFO   ] ConsumerPerRecordAnalysis;1858;6491; 
[2021-04-11 15:36:40] [INFO   ] ConsumerPerRecordAnalysis;1859;6309; 
[2021-04-11 15:36:40] [INFO   ] ConsumerPerRecordAnalysis;1860;19935; 
[2021-04-11 15:36:40] [INFO   ] ConsumerPerRecordAnalysis;1861;13723; 
[2021-04-11 15:36:40] [INFO   ] ConsumerPerRecordAnalysis;1862;7784; 
[2021-04-11 15:36:40] [INFO   ] ConsumerPerRecordAnalysis;1863;9925; 
[2021-04-11 15:36:40] [INFO   ] ConsumerPerRecordAnalysis;1864;6212; 
[2021-04-11 15:36:40] [INFO   ] ConsumerPerRecordAnalysis;1865;6282; 
[2021-04-11 15:36:40] [INFO   ] ConsumerPerRecordAnalysis;1866;8177; 
[2021-04-11 15:36:40] [INFO   ] ConsumerPerRecordAnalysis;1867;43648; 
[2021-04-11 15:36:40] [INFO   ] ConsumerPerRecordAnalysis;1868;8185; 
[2021-04-11 15:36:40] [INFO   ] ConsumerPerRecordAnalysis;1869;5677; 
[2021-04-11 15:36:40] [INFO   ] ConsumerPerRecordAnalysis;1870;11110; 
[2021-04-11 15:36:40] [INFO   ] ConsumerPerRecordAnalysis;1871;11925; 
[2021-04-11 15:36:40] [INFO   ] ConsumerPerRecordAnalysis;1872;4569; 
[2021-04-11 15:36:40] [INFO   ] ConsumerPerRecordAnalysis;1873;21868; 
[2021-04-11 15:36:40] [INFO   ] ConsumerPerRecordAnalysis;1874;5274; 
[2021-04-11 15:36:40] [INFO   ] ConsumerPerRecordAnalysis;1875;30017; 
[2021-04-11 15:36:40] [INFO   ] ConsumerPerRecordAnalysis;1876;6299; 
[2021-04-11 15:36:40] [INFO   ] ConsumerPerRecordAnalysis;1877;6841; 
[2021-04-11 15:36:40] [INFO   ] ConsumerPerRecordAnalysis;1878;5530; 
[2021-04-11 15:36:40] [INFO   ] ConsumerPerRecordAnalysis;1879;7271; 
[2021-04-11 15:36:40] [INFO   ] ConsumerPerRecordAnalysis;1880;9096; 
[2021-04-11 15:36:40] [INFO   ] ConsumerPerRecordAnalysis;1881;4262; 
[2021-04-11 15:36:40] [INFO   ] ConsumerPerRecordAnalysis;1882;7622; 
[2021-04-11 15:36:40] [INFO   ] ConsumerPerRecordAnalysis;1883;6773; 
[2021-04-11 15:36:40] [INFO   ] ConsumerPerRecordAnalysis;1884;4281; 
[2021-04-11 15:36:40] [INFO   ] ConsumerPerRecordAnalysis;1885;4864; 
[2021-04-11 15:36:40] [INFO   ] ConsumerPerRecordAnalysis;1886;6405; 
[2021-04-11 15:36:40] [INFO   ] ConsumerPerRecordAnalysis;1887;9936; 
[2021-04-11 15:36:40] [INFO   ] ConsumerPerRecordAnalysis;1888;3187; 
[2021-04-11 15:36:40] [INFO   ] ConsumerPerRecordAnalysis;1889;4121; 
[2021-04-11 15:36:40] [INFO   ] ConsumerPerRecordAnalysis;1890;5634; 
[2021-04-11 15:36:40] [INFO   ] ConsumerPerRecordAnalysis;1891;7767; 
[2021-04-11 15:36:40] [INFO   ] ConsumerPerRecordAnalysis;1892;23917; 
[2021-04-11 15:36:40] [INFO   ] ConsumerPerRecordAnalysis;1893;7488; 
[2021-04-11 15:36:40] [INFO   ] ConsumerPerRecordAnalysis;1894;12839; 
[2021-04-11 15:36:40] [INFO   ] ConsumerPerRecordAnalysis;1895;6089; 
[2021-04-11 15:36:40] [INFO   ] ConsumerPerRecordAnalysis;1896;4192; 
[2021-04-11 15:36:40] [INFO   ] ConsumerPerRecordAnalysis;1897;10204; 
[2021-04-11 15:36:40] [INFO   ] ConsumerPerRecordAnalysis;1898;6712; 
[2021-04-11 15:36:40] [INFO   ] ConsumerPerRecordAnalysis;1899;6158; 
[2021-04-11 15:36:40] [INFO   ] ConsumerPerRecordAnalysis;1900;6867; 
[2021-04-11 15:36:40] [INFO   ] ConsumerPerRecordAnalysis;1901;4121; 
[2021-04-11 15:36:40] [INFO   ] ConsumerPerRecordAnalysis;1902;5902; 
[2021-04-11 15:36:40] [INFO   ] ConsumerPerRecordAnalysis;1903;5225; 
[2021-04-11 15:36:40] [INFO   ] ConsumerPerRecordAnalysis;1904;3273; 
[2021-04-11 15:36:40] [INFO   ] ConsumerPerRecordAnalysis;1905;5063; 
[2021-04-11 15:36:40] [INFO   ] ConsumerPerRecordAnalysis;1906;9154; 
[2021-04-11 15:36:40] [INFO   ] ConsumerPerRecordAnalysis;1907;5362; 
[2021-04-11 15:36:40] [INFO   ] ConsumerPerRecordAnalysis;1908;5863; 
[2021-04-11 15:36:40] [INFO   ] ConsumerPerRecordAnalysis;1909;4190; 
[2021-04-11 15:36:40] [INFO   ] ConsumerPerRecordAnalysis;1910;4573; 
[2021-04-11 15:36:40] [INFO   ] ConsumerPerRecordAnalysis;1911;3572; 
[2021-04-11 15:36:40] [INFO   ] ConsumerPerRecordAnalysis;1912;5162; 
[2021-04-11 15:36:40] [INFO   ] ConsumerPerRecordAnalysis;1913;6931; 
[2021-04-11 15:36:40] [INFO   ] ConsumerPerRecordAnalysis;1914;4236; 
[2021-04-11 15:36:40] [INFO   ] ConsumerPerRecordAnalysis;1915;7784; 
[2021-04-11 15:36:40] [INFO   ] ConsumerPerRecordAnalysis;1916;7196; 
[2021-04-11 15:36:40] [INFO   ] ConsumerPerRecordAnalysis;1917;7907; 
[2021-04-11 15:36:40] [INFO   ] ConsumerPerRecordAnalysis;1918;5425; 
[2021-04-11 15:36:40] [INFO   ] ConsumerPerRecordAnalysis;1919;3845; 
[2021-04-11 15:36:40] [INFO   ] ConsumerPerRecordAnalysis;1920;35338; 
[2021-04-11 15:36:40] [INFO   ] ConsumerPerRecordAnalysis;1921;4445; 
[2021-04-11 15:36:40] [INFO   ] ConsumerPerRecordAnalysis;1922;6077; 
[2021-04-11 15:36:40] [INFO   ] ConsumerPerRecordAnalysis;1923;4177; 
[2021-04-11 15:36:40] [INFO   ] ConsumerPerRecordAnalysis;1924;3778; 
[2021-04-11 15:36:40] [INFO   ] ConsumerPerRecordAnalysis;1925;6590; 
[2021-04-11 15:36:41] [INFO   ] ConsumerPerRecordAnalysis;1926;11728; 
[2021-04-11 15:36:41] [INFO   ] ConsumerPerRecordAnalysis;1927;2942; 
[2021-04-11 15:36:41] [INFO   ] ConsumerPerRecordAnalysis;1928;6648; 
[2021-04-11 15:36:41] [INFO   ] ConsumerPerRecordAnalysis;1929;4635; 
[2021-04-11 15:36:41] [INFO   ] ConsumerPerRecordAnalysis;1930;3146; 
[2021-04-11 15:36:41] [INFO   ] ConsumerPerRecordAnalysis;1931;3489; 
[2021-04-11 15:36:41] [INFO   ] ConsumerPerRecordAnalysis;1932;3747; 
[2021-04-11 15:36:41] [INFO   ] ConsumerPerRecordAnalysis;1933;4388; 
[2021-04-11 15:36:41] [INFO   ] ConsumerPerRecordAnalysis;1934;4302; 
[2021-04-11 15:36:41] [INFO   ] ConsumerPerRecordAnalysis;1935;16111; 
[2021-04-11 15:36:41] [INFO   ] ConsumerPerRecordAnalysis;1936;3888; 
[2021-04-11 15:36:41] [INFO   ] ConsumerPerRecordAnalysis;1937;3185; 
[2021-04-11 15:36:41] [INFO   ] ConsumerPerRecordAnalysis;1938;3747; 
[2021-04-11 15:36:41] [INFO   ] ConsumerPerRecordAnalysis;1939;3458; 
[2021-04-11 15:36:41] [INFO   ] ConsumerPerRecordAnalysis;1940;7419; 
[2021-04-11 15:36:41] [INFO   ] ConsumerPerRecordAnalysis;1941;4350; 
[2021-04-11 15:36:41] [INFO   ] ConsumerPerRecordAnalysis;1942;5921; 
[2021-04-11 15:36:41] [INFO   ] ConsumerPerRecordAnalysis;1943;4420; 
[2021-04-11 15:36:41] [INFO   ] ConsumerPerRecordAnalysis;1944;3389; 
[2021-04-11 15:36:41] [INFO   ] ConsumerPerRecordAnalysis;1945;12900; 
[2021-04-11 15:36:41] [INFO   ] ConsumerPerRecordAnalysis;1946;6190; 
[2021-04-11 15:36:41] [INFO   ] ConsumerPerRecordAnalysis;1947;5738; 
[2021-04-11 15:36:41] [INFO   ] ConsumerPerRecordAnalysis;1948;4404; 
[2021-04-11 15:36:41] [INFO   ] ConsumerPerRecordAnalysis;1949;5645; 
[2021-04-11 15:36:41] [INFO   ] ConsumerPerRecordAnalysis;1950;3358; 
[2021-04-11 15:36:41] [INFO   ] ConsumerPerRecordAnalysis;1951;9303; 
[2021-04-11 15:36:41] [INFO   ] ConsumerPerRecordAnalysis;1952;5403; 
[2021-04-11 15:36:41] [INFO   ] ConsumerPerRecordAnalysis;1953;3592; 
[2021-04-11 15:36:41] [INFO   ] ConsumerPerRecordAnalysis;1954;6673; 
[2021-04-11 15:36:41] [INFO   ] ConsumerPerRecordAnalysis;1955;3616; 
[2021-04-11 15:36:41] [INFO   ] ConsumerPerRecordAnalysis;1956;6087; 
[2021-04-11 15:36:41] [INFO   ] ConsumerPerRecordAnalysis;1957;3444; 
[2021-04-11 15:36:41] [INFO   ] ConsumerPerRecordAnalysis;1958;7097; 
[2021-04-11 15:36:41] [INFO   ] ConsumerPerRecordAnalysis;1959;4384; 
[2021-04-11 15:36:41] [INFO   ] ConsumerPerRecordAnalysis;1960;10604; 
[2021-04-11 15:36:41] [INFO   ] ConsumerPerRecordAnalysis;1961;2984; 
[2021-04-11 15:36:41] [INFO   ] ConsumerPerRecordAnalysis;1962;3535; 
[2021-04-11 15:36:41] [INFO   ] ConsumerPerRecordAnalysis;1963;7687; 
[2021-04-11 15:36:41] [INFO   ] ConsumerPerRecordAnalysis;1964;3298; 
[2021-04-11 15:36:41] [INFO   ] ConsumerPerRecordAnalysis;1965;6437; 
[2021-04-11 15:36:41] [INFO   ] ConsumerPerRecordAnalysis;1966;10114; 
[2021-04-11 15:36:41] [INFO   ] ConsumerPerRecordAnalysis;1967;13145; 
[2021-04-11 15:36:41] [INFO   ] ConsumerPerRecordAnalysis;1968;3180; 
[2021-04-11 15:36:41] [INFO   ] ConsumerPerRecordAnalysis;1969;4392; 
[2021-04-11 15:36:41] [INFO   ] ConsumerPerRecordAnalysis;1970;4574; 
[2021-04-11 15:36:41] [INFO   ] ConsumerPerRecordAnalysis;1971;6105; 
[2021-04-11 15:36:41] [INFO   ] ConsumerPerRecordAnalysis;1972;3497; 
[2021-04-11 15:36:41] [INFO   ] ConsumerPerRecordAnalysis;1973;7437; 
[2021-04-11 15:36:41] [INFO   ] ConsumerPerRecordAnalysis;1974;3011; 
[2021-04-11 15:36:41] [INFO   ] ConsumerPerRecordAnalysis;1975;7423; 
[2021-04-11 15:36:41] [INFO   ] ConsumerPerRecordAnalysis;1976;7668; 
[2021-04-11 15:36:41] [INFO   ] ConsumerPerRecordAnalysis;1977;11165; 
[2021-04-11 15:36:41] [INFO   ] ConsumerPerRecordAnalysis;1978;34726; 
[2021-04-11 15:36:41] [INFO   ] ConsumerPerRecordAnalysis;1979;17121; 
[2021-04-11 15:36:41] [INFO   ] ConsumerPerRecordAnalysis;1980;7152; 
[2021-04-11 15:36:41] [INFO   ] ConsumerPerRecordAnalysis;1981;11014; 
[2021-04-11 15:36:41] [INFO   ] ConsumerPerRecordAnalysis;1982;8816; 
[2021-04-11 15:36:41] [INFO   ] ConsumerPerRecordAnalysis;1983;9192; 
[2021-04-11 15:36:41] [INFO   ] ConsumerPerRecordAnalysis;1984;7996; 
[2021-04-11 15:36:41] [INFO   ] ConsumerPerRecordAnalysis;1985;6463; 
[2021-04-11 15:36:41] [INFO   ] ConsumerPerRecordAnalysis;1986;8381; 
[2021-04-11 15:36:41] [INFO   ] ConsumerPerRecordAnalysis;1987;3894; 
[2021-04-11 15:36:41] [INFO   ] ConsumerPerRecordAnalysis;1988;6225; 
[2021-04-11 15:36:41] [INFO   ] ConsumerPerRecordAnalysis;1989;3619; 
[2021-04-11 15:36:41] [INFO   ] ConsumerPerRecordAnalysis;1990;4606; 
[2021-04-11 15:36:41] [INFO   ] ConsumerPerRecordAnalysis;1991;3536; 
[2021-04-11 15:36:41] [INFO   ] ConsumerPerRecordAnalysis;1992;4870; 
[2021-04-11 15:36:41] [INFO   ] ConsumerPerRecordAnalysis;1993;10831; 
[2021-04-11 15:36:41] [INFO   ] ConsumerPerRecordAnalysis;1994;12123; 
[2021-04-11 15:36:41] [INFO   ] ConsumerPerRecordAnalysis;1995;5962; 
[2021-04-11 15:36:41] [INFO   ] ConsumerPerRecordAnalysis;1996;4188; 
[2021-04-11 15:36:41] [INFO   ] ConsumerPerRecordAnalysis;1997;6476; 
[2021-04-11 15:36:41] [INFO   ] ConsumerPerRecordAnalysis;1998;3440; 
[2021-04-11 15:36:41] [INFO   ] ConsumerPerRecordAnalysis;1999;7206; 
[2021-04-11 15:36:41] [INFO   ] ConsumerPerRecordAnalysis;2000;4958; 
[2021-04-11 15:36:41] [INFO   ] ConsumerGlobalAnalysis;2000;32537820; 
